순번,시도본부,소방서,119안전센터명,주소,전화번호,팩스번호
1,서울특별시,종로소방서,세종로119안전센터,서울특별시 종로구 율곡로 78(운니동),02-734-0119,02-723-8119
2,서울특별시,종로소방서,신교119안전센터,서울특별시 종로구 자하문로 93 (신교동),02-737-8119,02-736-0119
3,서울특별시,종로소방서,종로119안전센터,서울특별시 종로구 돈화문로 30 (묘동),02-747-7119,02-764-0119
4,서울특별시,종로소방서,연건119안전센터,서울특별시 종로구 대학로 91 (연건동),02-747-8119,02-762-0119
5,서울특별시,종로소방서,신영119안전센터,서울특별시 종로구 진흥로 477 (신영동),02-391-0119,02-395-2119
6,서울특별시,종로소방서,숭인119안전센터,서울특별시 종로구 숭인동길 63 (숭인동),02-929-0921,02-929-5289
7,서울특별시,중부소방서,무학119안전센터,서울특별시 중구 퇴계로 394 (무학동),02-6981-0159,02-2237-0693
8,서울특별시,중부소방서,을지로119안전센터,서울특별시 중구 을지로45길 43 (신당동),02-6981-0175,02-2235-0698
9,서울특별시,중부소방서,충무로119안전센터,서울특별시 중구 충무로 11 (충무로3가),02-6981-0183,02-2285-1122
10,서울특별시,중부소방서,회현119안전센터,서울특별시 중구 소공로 30 (회현동2가),02-6981-0191,02-753-0119
11,서울특별시,중부소방서,신당119안전센터,서울특별시 중구 다산로8길 2 (신당동),02-6981-0199,02-2254-0119
12,서울특별시,광진소방서,구의119안전센터,서울특별시 광진구 광나루로 480 (구의동),02-6981-6768,02-454-0118
13,서울특별시,광진소방서,능동119안전센터,서울특별시 광진구 능동로 242 (능동),02-6981-6781,02-3436-8119
14,서울특별시,광진소방서,중곡119안전센터,서울특별시 광진구 용마산로 150 (중곡동),02-6981-6791,02-2201-4119
15,서울특별시,용산소방서,한강로119안전센터,서울특별시 용산구 한강대로 167 (한강로2가),02-6943-1520,02-792-5117
16,서울특별시,용산소방서,이태원119안전센터,서울특별시 용산구 이태원로 196 (이태원동),02-6943-1540,02-798-0119
17,서울특별시,용산소방서,후암119안전센터,서울특별시 용산구 후암로 34 (후암동),02-6943-1550,02-773-1179
18,서울특별시,용산소방서,이촌119안전센터,서울특별시 용산구 이촌로2가길 1 (이촌동),02-6943-1560,02-712-0119
19,서울특별시,용산소방서,서빙고119안전센터,서울특별시 용산구 서빙고로67길 7 (서빙고동),02-6943-1570,02-796-1197
20,서울특별시,동대문소방서,장안119안전센터,서울특별시 동대문구 장한로 34 (장안동),02-6942-1352,02-2187-8184
21,서울특별시,동대문소방서,청량리119안전센터,서울특별시 동대문구 왕산로 299 (청량리동),02-6942-1361,02-2187-8186
22,서울특별시,동대문소방서,전농119안전센터,서울특별시 동대문구 황물로 3 (전농동),02-6942-1366,02-2187-8187
23,서울특별시,동대문소방서,용두119안전센터,서울특별시 동대문구 왕산로 76 (용두동),02-6942-1371,02-2187-8188
24,서울특별시,동대문소방서,휘경119안전센터,서울특별시 동대문구 망우로 106 (휘경동),02-6942-1376,02-2187-8189
25,서울특별시,영등포소방서,영등포119안전센터,서울특별시 영등포구 문래로 197 (영등포동4가),02-6981-7150,02-6981-7170
26,서울특별시,영등포소방서,여의도119안전센터,서울특별시 영등포구 의사당대로 162 (여의도동),02-783-0119,02-785-1191
27,서울특별시,영등포소방서,당산119안전센터,서울특별시 영등포구 양평로 70-1 (당산동6가),02-2633-0119,02-2672-7118
28,서울특별시,영등포소방서,대림119안전센터,서울특별시 영등포구 도림로 212 (신길동),02-846-0119,02-831-0119
29,서울특별시,영등포소방서,신길119안전센터,서울특별시 영등포구 영등포로84길 31 (신길동),02-841-0119,02-834-0119
30,서울특별시,성북소방서,종암119안전센터,서울특별시 성북구 종암로 27길 3 (종암동),02-6981-7351,
31,서울특별시,성북소방서,돈암119안전센터,서울특별시 성북구 보문로 192 (삼선동4가),02-6981-7361,
32,서울특별시,성북소방서,길음119안전센터,서울특별시 성북구 정릉로 321 (길음동),02-6981-7372,
33,서울특별시,성북소방서,장위119안전센터,서울특별시 성북구 한천로 640 (장위동),02-6981-7383,
34,서울특별시,은평소방서,진관119안전센터,서울특별시 은평구 통일로 962 (진관동),02-6981-6151,02-389-0674
35,서울특별시,은평소방서,녹번119안전센터,서울특별시 은평구 은평로 245 (녹번동),02-6981-6171,02-382-0667
36,서울특별시,은평소방서,역촌119안전센터,서울특별시 은평구 갈현로 80 (역촌동),02-6981-6181,02-356-0674
37,서울특별시,은평소방서,수색119안전센터,서울특별시 은평구 수색로 320 (수색동),02-6981-6191,02-307-0041
38,서울특별시,강남소방서,삼성119안전센터,서울특별시 강남구 테헤란로 629 (삼성동),02-6981-7556,02-539-9008
39,서울특별시,강남소방서,영동119안전센터,서울특별시 강남구 도산대로 320 (논현동),02-517-5119,02-542-0119
40,서울특별시,강남소방서,역삼119안전센터,서울특별시 강남구 역삼로 236 (역삼동),02-557-0109,02-508-1193
41,서울특별시,강남소방서,수서119안전센터,서울특별시 강남구 광평로31길 6 (수서동),02-445-9019,02-451-0019
42,서울특별시,강남소방서,개포119안전센터,서울특별시 강남구 논현로 10길 19 (개포동),02-577-2540,02-529-1119
43,서울특별시,강남소방서,세곡119안전센터,서울특별시 강남구 밤고개로 268 (율현동),02-451-0882,02-451-0883
44,서울특별시,서초소방서,반포119안전센터,서울특별시 서초구 사평대로 67 (반포동),02-6981-5939,02-599-0119
45,서울특별시,서초소방서,방배119안전센터,서울특별시 서초구 남부순환로 2155 (방배동),02-6981-5970,02-523-9119
46,서울특별시,서초소방서,양재119안전센터,서울특별시 서초구 동산로 9 (양재동),02-6981-5980,02-508-1193
47,서울특별시,서초소방서,서초119안전센터,서울특별시 서초구 효령로 400 (서초동),02-6981-5985,02-3486-2729
48,서울특별시,서초소방서,잠원119안전센터,서울특별시 서초구 서초중앙로29길 6 (반포동),02-6981-5990,02-594-3119
49,서울특별시,서초소방서,우면119안전센터,서울특별시 서초구 남부순환로340길 49 (서초동),02-6981-5995,02-598-3063
50,서울특별시,강서소방서,등촌119안전센터,서울특별시 강서구 양천로 550 (등촌동),02-6981-5120,02-2187-8244
51,서울특별시,강서소방서,화곡119안전센터,서울특별시 강서구 까치산로 49 (화곡동),02-6981-5170,02-2187-8245
52,서울특별시,강서소방서,발산119안전센터,서울특별시 강서구 강서로 329 (내발산동),02-6981-5175,02-2187-8246
53,서울특별시,강서소방서,방화119안전센터,서울특별시 강서구 금낭화로26길 10 (방화동),02-6981-5180,02-2187-8247
54,서울특별시,강서소방서,개화119안전센터,서울특별시 강서구 개화동로19길 8 (개화동),02-6981-5185,02-2187-8248
55,서울특별시,강서소방서,마곡119안전센터,서울특별시 강서구 마곡서로 9 (마곡동),02-6981-5190,02-2187-8249
56,서울특별시,강동소방서,성내119안전센터,서울특별시 강동구 성내로 39 (성내동),02-6981-7750,02-6981-7717
57,서울특별시,강동소방서,천호119안전센터,서울특별시 강동구 진황도로 37 (천호동),02-476-0119,02-474-1721
58,서울특별시,강동소방서,고덕119안전센터,서울특별시 강동구 양재대로156길 133 (고덕동),02-441-0119,02-426-0431
59,서울특별시,강동소방서,암사119안전센터,서울특별시 강동구 올림픽로 815 (암사동),02-3426-2119,02-429-0427
60,서울특별시,강동소방서,길동119안전센터,서울특별시 강동구 천중로 215 (길동),02-486-1727,02-487-6119
61,서울특별시,강동소방서,강일119안전센터,서울특별시 강동구 고덕로98길 22 (강일동),02-6981-7790,02-429-0121
62,서울특별시,마포소방서,신수119안전센터,서울특별시 마포구 창전로 76 (신수동),02-6981-7930,02-3275-2119
63,서울특별시,마포소방서,염리119안전센터,서울특별시 마포구 토정로 37길 27 (염리동),02-713-0965,02-713-0119
64,서울특별시,마포소방서,서교119안전센터,서울특별시 마포구 양화로 60 (서교동),02-3143-2119,02-324-0119
65,서울특별시,마포소방서,성산119안전센터,서울특별시 마포구 월드컵북로 240 (성산동),02-304-0119,02-309-0096
66,서울특별시,마포소방서,공덕119안전센터,서울특별시 마포구 만리재옛길 82 (공덕동),02-3274-0976,02-706-0119
67,서울특별시,마포소방서,상암119안전센터,서울특별시 마포구 월드컵북로 42길 34 (상암동),02-309-5119,02-303-4119
68,서울특별시,도봉소방서,방학119안전센터,서울특별시 도봉구 도봉로 666 (방학동),02-6981-8180,02-2187-8276
69,서울특별시,도봉소방서,도봉119안전센터,서울특별시 도봉구 노해로 152 (도봉동),02-6981-8182,02-2187-8277
70,서울특별시,도봉소방서,창동119안전센터,서울특별시 도봉구 해등로 25 (창동),02-6981-8184,02-2187-8278
71,서울특별시,도봉소방서,쌍문119안전센터,서울특별시 도봉구 노해로 152 (쌍문동),02-6981-8186,02-2187-8279
72,서울특별시,구로소방서,고일119안전센터,서울특별시 구로구 경인로 408 (고척동),02-2619-0119,02-2619-0121
73,서울특별시,구로소방서,수궁119안전센터,서울특별시 구로구 오리로 1285 (궁동),02-2685-6119,02-2613-0119
74,서울특별시,구로소방서,고척119안전센터,서울특별시 구로구 고척로 195 (고척동),02-2618-3104,02-2616-0119
75,서울특별시,구로소방서,구로119안전센터,서울특별시 구로구 구로동로 175 (구로동),02-855-1119,02-864-0119
76,서울특별시,구로소방서,신도림119안전센터,서울특별시 구로구 경인로59길 57 (신도림동),02-2671-8119,02-2671-2119
77,서울특별시,구로소방서,공단119안전센터,서울특별시 구로구 디지털로34길 56 (구로동),02-855-0119,02-837-7119
78,서울특별시,노원소방서,하계119안전센터,서울특별시 노원구 한글비석로 1길 8 (하계동),02-6981-6940,02-979-6119
79,서울특별시,노원소방서,상계119안전센터,서울특별시 노원구 노원로26길 111 (상계동),02-6981-6969,02-3392-2736
80,서울특별시,노원소방서,공릉119안전센터,서울특별시 노원구 화랑로 482 (공릉동),02-6981-6979,02-975-0616
81,서울특별시,노원소방서,월계119안전센터,서울특별시 노원구 월계로 323 (월계동),02-6981-6989,02-994-0397
82,서울특별시,노원소방서,수락119안전센터,서울특별시 노원구 동일로 1694 (상계동),02-6981-6999,02-939-6119
83,서울특별시,관악소방서,관악119안전센터,서울특별시 관악구 관악로 97 (봉천동),02-6981-8340,02-877-4119
84,서울특별시,관악소방서,봉천119안전센터,서울특별시 관악구 은천로 54 (봉천동),02-886-0119,02-877-2143
85,서울특별시,관악소방서,신림119안전센터,서울특별시 관악구 봉천로 202 (신림동),02-874-0119,02-878-2069
86,서울특별시,관악소방서,난곡119안전센터,서울특별시 관악구 난곡로 243 (신림동),02-859-0119,02-839-3119
87,서울특별시,송파소방서,마천119안전센터,서울특별시 송파구 오금로51길 56 (마천동),02-6981-5343,02-3401-3119
88,서울특별시,송파소방서,거여119안전센터,서울특별시 송파구 마천로 329 (마천동),02-6981-5362,02-404-7119
89,서울특별시,송파소방서,방이119안전센터,서울특별시 송파구 강동대로 286 (방이동),02-6981-5372,02-409-8119
90,서울특별시,송파소방서,잠실119안전센터,서울특별시 송파구 석촌호수로 151 (잠실동),02-6981-5379,02-3431-2415
91,서울특별시,송파소방서,종합운동장119안전센터,서울특별시 송파구 올림픽로 25 (잠실동),02-6981-5387,02-417-0119
92,서울특별시,송파소방서,가락119안전센터,서울특별시 송파구 양재대로 932 (가락동),02-6981-5395,02-406-1084
93,서울특별시,양천소방서,양천119안전센터,서울특별시 양천구 목동서로 180 (목동),02-6981-8750,02-2651-6119
94,서울특별시,양천소방서,신정119안전센터,서울특별시 양천구 신월로 268 (신정동),02-6981-8760,02-2601-0112
95,서울특별시,양천소방서,목동119안전센터,서울특별시 양천구 안양천로 1139 (목동),02-6981-8765,02-2644-4727
96,서울특별시,양천소방서,신월119안전센터,서울특별시 양천구 남부순환로 448 (신월동),02-6981-8790,02-2691-4189
97,서울특별시,양천소방서,신트리119안전센터,서울특별시 양천구 신정로 238 (신정동),02-6981-8795,02-2691-1134
98,서울특별시,중랑소방서,신내119안전센터,서울특별시 중랑구 신내로 183 (신내동),02-6981-8850,02-3422-1195
99,서울특별시,중랑소방서,면목119안전센터,서울특별시 중랑구 동일로 475 (면목동),02-6981-8962,02-435-0119
100,서울특별시,중랑소방서,망우119안전센터,서울특별시 중랑구 용마산로 524 (망우동),02-6981-8972,02-432-0119
101,서울특별시,중랑소방서,중화119안전센터,서울특별시 중랑구 동일로 783 (중화동),02-6981-8982,02-2207-0119
102,서울특별시,동작소방서,동작119안전센터,서울특별시 동작구 여의대방로16길 55 (신대방동),02-6913-7871,02-847-0900
103,서울특별시,동작소방서,노량진119안전센터,서울특별시 동작구 노량진로 187 (노량진동),02-6913-7881,02-813-5119
104,서울특별시,동작소방서,상도119안전센터,서울특별시 동작구 국사봉1길 17 (상도동),02-6913-7888,02-825-0693
105,서울특별시,동작소방서,백운119안전센터,서울특별시 동작구 사당로 63 (상도동),02-6913-7895,02-816-0709
106,서울특별시,서대문소방서,연희119안전센터,서울특별시 서대문구 연희로 182 (연희동),02-6981-5520,02-6981-5527
107,서울특별시,서대문소방서,북가좌119안전센터,서울특별시 서대문구 증가로 242 (북가좌동),02-6981-5539,02-6981-5537
108,서울특별시,서대문소방서,홍은119안전센터,서울특별시 서대문구 홍은중앙로 83 (홍은동),02-6981-5549,02-6981-5547
109,서울특별시,서대문소방서,북아현119안전센터,서울특별시 서대문구 북아현로 37 (북아현동),02-6981-5559,02-6981-5557
110,서울특별시,강북소방서,번동119안전센터,서울특별시 강북구 한천로 911 (번동),02-6946-0250,02-6946-0229
111,서울특별시,강북소방서,우이119안전센터,서울특별시 강북구 삼각산로 111 (수유동),02-904-0119,02-998-9116
112,서울특별시,강북소방서,미아119안전센터,서울특별시 강북구 도봉로 125 (미아동),02-983-9111,02-981-0119
113,서울특별시,강북소방서,삼각산119안전센터,서울특별시 강북구 솔샘로 208 (미아동),02-983-5119,02-984-5119
114,서울특별시,성동소방서,행당119안전센터,서울특별시 성동구 살곶이길 331 (행당동),02-2622-1740,02-2622-1749
115,서울특별시,성동소방서,성수119안전센터,서울특별시 성동구 뚝섬로 452 (성수동2가),02-2622-1751,02-2622-1759
116,서울특별시,성동소방서,왕십리119안전센터,서울특별시 성동구 고산자로 249 (도선동),02-2622-1761,02-2622-1769
117,서울특별시,성동소방서,금호119안전센터,서울특별시 성동구 난계로 19 (금호동1가),02-2622-1771,02-2622-1779
118,서울특별시,금천소방서,금천119안전센터,서울특별시 금천구 시흥대로 342(독산동),02-6981-6541,02-2187-8384
119,서울특별시,금천소방서,시흥119안전센터,서울특별시 금천구 시흥대로 45길 31(시흥동),02-6981-6551,02-2187-8385
120,부산광역시,중부소방서,중앙119안전센터,부산광역시 중구 중앙대로 110(중앙동4가),051-760-6111,051-760-6119
121,부산광역시,중부소방서,부민119안전센터,부산광역시 서구 임시수도기념로 21-4(부민동3가),051-760-6121,051-760-6129
122,부산광역시,중부소방서,충무119안전센터,부산광역시 서구 충무대로 186(남부민동),051-760-6131,051-760-6139
123,부산광역시,중부소방서,창선119안전센터,부산광역시 중구 대청로 68-1(부평동1가),051-760-6141,051-760-6149
124,부산광역시,중부소방서,초량119안전센터,부산광역시 동구 중앙대로 260번길 7(초량동),051-760-6151,051-760-6159
125,부산광역시,부산진소방서,부전119안전센터,부산광역시 부산진구 서전로 43(전포동),051-760-6211,051-760-6219
126,부산광역시,부산진소방서,범일119안전센터,부산광역시 동구 범일로 115(범일동),051-760-6221,051-760-6229
127,부산광역시,부산진소방서,수정119안전센터,부산광역시 동구 중앙대로 383-1(수정동),051-760-6231,051-760-6239
128,부산광역시,부산진소방서,가야119안전센터,부산광역시 부산진구 가야대로 627(가야동),051-760-6241,051-760-6249
129,부산광역시,부산진소방서,부암119안전센터,부산광역시 부산진구 신천대로 282(부암동),051-760-6251,051-760-6259
130,부산광역시,부산진소방서,당감119안전센터,부산광역시 부산진구 백양산로53번길 65(당감동),051-760-6261,051-760-6269
131,부산광역시,부산진소방서,안창119안전센터,부산광역시 동구 안창로 62(범일동),051-760-6271,051-760-6279
132,부산광역시,동래소방서,연산119안전센터,부산광역시 연제구 고분로 216(연산동),051-760-6311,051-760-6319
133,부산광역시,동래소방서,수안119안전센터,부산광역시 동래구 명륜로45번길 7(수안동),051-760-6321,051-760-6329
134,부산광역시,동래소방서,온천119안전센터,부산광역시 동래구 우장춘로 196(온천동),051-760-6331,051-760-6339
135,부산광역시,동래소방서,양정119안전센터,부산광역시 부산진구 연수로 44(양정동),051-760-6341,051-760-6349
136,부산광역시,동래소방서,사직119안전센터,부산광역시 동래구 체육공원로 74(사직동),051-760-6351,051-760-6359
137,부산광역시,북부소방서,삼락119안전센터,부산광역시 사상구 삼덕로 17(삼락동),051-760-6411,051-760-6419
138,부산광역시,북부소방서,감전119안전센터,부산광역시 사상구 가야대로 41(감전동),051-760-6421,051-760-6429
139,부산광역시,북부소방서,구포119안전센터,부산광역시 북구 만덕대로 31(덕천동),051-760-6431,051-760-6439
140,부산광역시,북부소방서,화명119안전센터,부산광역시 북구 금곡대로 184(화명동),051-760-6451,051-760-6459
141,부산광역시,북부소방서,주례119안전센터,부산광역시 사상구 양지로22(주례동),051-760-6461,051-760-6469
142,부산광역시,북부소방서,모라119안전센터,부산광역시 사상구 백양대로 950(모라동),051-760-6471,051-760-6479
143,부산광역시,북부소방서,학장119안전센터,부산광역시 사상구 학감대로 89(학장동),051-760-6481,051-760-6489
144,부산광역시,북부소방서,금곡119안전센터,부산광역시 북구 금곡대로616번길 151(금곡동),051-760-6491,051-760-6499
145,부산광역시,북부소방서,만덕119안전센터,부산광역시 북구 함박봉로 142(만덕동),051-760-6441,051-760-6449
146,부산광역시,사하소방서,신평119안전센터,부산광역시 사하구 장평로 270(신평동),051-760-6511,051-760-6519
147,부산광역시,사하소방서,괴정119안전센터,부산광역시 사하구 낙동대로 262(괴정동),051-760-6521,051-760-6529
148,부산광역시,사하소방서,하단119안전센터,부산광역시 사하구 낙동남로 1407(하단동),051-760-6531,051-760-6539
149,부산광역시,사하소방서,다대119안전센터,부산광역시 사하구 다대로 622(다대동),051-760-6541,051-760-6549
150,부산광역시,사하소방서,감천119안전센터,부산광역시 사하구 원양로 405(감천동),051-760-6551,051-760-6559
151,부산광역시,해운대소방서,우동119안전센터,부산광역시 해운대구 해운대해변로 106(우동),051-760-6611,051-760-6619
152,부산광역시,해운대소방서,중동119안전센터,부산광역시 해운대구 달맞이길 117번길 72(중동),051-760-6621,051-760-6629
153,부산광역시,해운대소방서,반여119안전센터,부산광역시 해운대구 선수촌로 21번길 64(반여동),051-760-6631,051-760-6639
154,부산광역시,해운대소방서,센텀119안전센터,부산광역시 해운대구 센텀동로 50(우동),051-760-6651,051-760-6659
155,부산광역시,해운대소방서,좌동119안전센터,부산광역시 해운대구 대천로67번길 35(좌동),051-760-6641,051-760-6649
156,부산광역시,해운대소방서,반송119안전센터,부산광역시 해운대구 아랫반송로 10,051-760-6661,051-760-6669
157,부산광역시,금정소방서,부곡119안전센터,부산광역시 금정구 중앙대로 1789(부곡동),051-760-6711,051-760-6719
158,부산광역시,금정소방서,서동119안전센터,부산광역시 동래구 반송로 331(명장동),051-760-6721,051-760-6729
159,부산광역시,금정소방서,남산119안전센터,부산광역시 금정구 두실로 46(남산동),051-760-6731,051-760-6739
160,부산광역시,금정소방서,산성119안전센터,부산광역시 금정구 산성로 396(금성동),051-760-6751,051-760-6759
161,부산광역시,금정소방서,회동119안전센터,부산광역시 금정구 개좌로 286(회동동),051-760-6741,051-760-6749
162,부산광역시,남부소방서,광안119안전센터,부산광역시 수영구 광일로 64(광안동),051-760-6811,051-760-6819
163,부산광역시,남부소방서,감만119안전센터,부산광역시 남구 우암로 81(감만동),051-760-6821,051-760-6829
164,부산광역시,남부소방서,대연119안전센터,부산광역시 남구 수영로 279(대연동),051-760-6831,051-760-6839
165,부산광역시,남부소방서,망미119안전센터,부산광역시 수영구 연수로 330(망미동),051-760-6841,051-760-6849
166,부산광역시,남부소방서,용당119안전센터,부산광역시 남구 신선로 398(용당동),051-760-6851,051-760-6859
167,부산광역시,강서소방서,녹산119안전센터,부산광역시 강서구 녹산산단361로 9(송정동),051-760-6011,051-760-6019
168,부산광역시,강서소방서,신호119안전센터,부산광역시 강서구 신호산단4로 62(신호동),051-760-6021,051-760-6029
169,부산광역시,강서소방서,대저119안전센터,부산광역시 강서구 대저로221번길 25(대저1동),051-760-6031,051-760-6039
170,부산광역시,강서소방서,강동119안전센터,부산광역시 강서구 제도로 696(강동동),051-760-6041,051-760-6049
171,부산광역시,강서소방서,지사119안전센터,부산광역시 강서구 과학산단로333번길 3(지사동),051-760-6051,051-760-6059
172,부산광역시,기장소방서,정관119안전센터,부산광역시 기장군 정관읍 용수로 7(정관읍),051-760-5411,051-760-5419
173,부산광역시,기장소방서,일광119안전센터,부산광역시 기장군 일광읍 해빛5로 15,051-760-5421,051-760-5429
174,부산광역시,기장소방서,송정119안전센터,부산광역시 해운대구 송정중앙로15번길 16(송정동),051-760-5431,051-760-5439
175,부산광역시,기장소방서,장안119안전센터,부산광역시 기장군 기장읍 길천3길 11,051-760-5441,051-760-5449
176,부산광역시,항만소방서,동삼119안전센터,부산광역시 영도구 해양로 297(동삼동),051-760-6911,051-760-6919
177,부산광역시,항만소방서,영선119안전센터,부산광역시 영도구 태종로 115(영선동1가),051-760-6921,051-760-6929
178,부산광역시,항만소방서,부두119안전센터,부산광역시 동구 충장대로 286(좌천동),051-760-6931,051-760-6939
179,부산광역시,항만소방서,청학119안전센터,부산광역시 영도구 태종로 274(청학동),051-760-6941,051-760-6949
180,대구광역시,중부소방서,남산119안전센터,대구광역시 중구 달구벌대로 1926,053-601-4571,053-255-2377
181,대구광역시,중부소방서,서문로119안전센터,대구광역시 중구 경상감영길 45,053-601-4572,053-255-1194
182,대구광역시,중부소방서,봉덕119안전센터,대구광역시 남구 희망로3길 29,053-601-4573,053-473-0119
183,대구광역시,중부소방서,대신119안전센터,대구광역시 중구 큰장로26길 45,053-601-4574,053-255-0020
184,대구광역시,중부소방서,삼덕119안전센터,대구광역시 중구 공평로 35,053-601-4575,053-427-0119
185,대구광역시,중부소방서,명덕119안전센터,대구광역시 남구 명덕로34길 22,053-601-4577,053-626-0118
186,대구광역시,중부소방서,성명119안전센터,대구광역시 남구 대명남로 12-1,053-601-4578,053-629-5119
187,대구광역시,동부소방서,신천119안전센터,대구광역시 동구 동대구로 507,053-605-5351,053-755-3119
188,대구광역시,동부소방서,동촌119안전센터,대구광역시 동구 해동로 180,053-605-5330,053-985-9119
189,대구광역시,동부소방서,안심119안전센터,대구광역시 동구 매여로 102,053-605-5341,053-961-4119
190,대구광역시,동부소방서,불로119안전센터,대구광역시 동구 팔공로50길 19,053-605-5351,053-982-6119
191,대구광역시,동부소방서,공산119안전센터,대구광역시 동구 팔공산로 1579,053-605-5361,053-982-5119
192,대구광역시,동부소방서,율하119안전센터,대구광역시 동구 율하동로8길 5,053-605-5371,053-964-8911
193,대구광역시,서부소방서,평리119안전센터,대구광역시 서구 달서천로 186,053-320-4492,053-352-8953
194,대구광역시,서부소방서,이현119안전센터,대구광역시 서구 국채보상로 119,053-320-4493,053-552-0119
195,대구광역시,서부소방서,내당119안전센터,대구광역시 서구 서대구로3길 16,053-320-4495,053-557-0119
196,대구광역시,서부소방서,비산119안전센터,대구광역시 서구 달서로 206,053-320-4496,053-565-5119
197,대구광역시,북부소방서,칠성119안전센터,대구광역시 북구 칠성남로 112,053-350-5721,053-350-5729
198,대구광역시,북부소방서,침산119안전센터,대구광역시 북구 침산남로 149,053-350-5741,053-350-5749
199,대구광역시,북부소방서,노원119안전센터,대구광역시 북구 노원로 42,053-350-5750,053-350-5759
200,대구광역시,북부소방서,대현119안전센터,대구광역시 북구 대현로 105,053-350-5770,053-350-5779
201,대구광역시,북부소방서,산격119안전센터,대구광역시 북구 유통단지로8길 88,053-350-5790,053-350-5799
202,대구광역시,수성소방서,범물119안전센터,대구광역시 수성구 청호로 87,053-607-3822,053-607-3839
203,대구광역시,수성소방서,만촌119안전센터,대구광역시 수성구 달구벌대로 2658,053-607-3840,
204,대구광역시,수성소방서,황금119안전센터,대구광역시 수성구 동대구로12길 41,053-607-3850,
205,대구광역시,수성소방서,상동119안전센터,대구광역시 수성구 파동로51길 5,053-607-3862,053-763-1819
206,대구광역시,수성소방서,수성119안전센터,대구광역시 수성구 들안로60길 30,053-607-3870,053-746-2119
207,대구광역시,수성소방서,무열로119안전센터,대구광역시 수성구 무열로 139,053-607-3880,053-743-7119
208,대구광역시,수성소방서,고산119안전센터,대구광역시 수성구 고산로 105,053-607-3891,053-791-3119
209,대구광역시,수성소방서,가창119안전센터,대구광역시 달성군 가창면 가창로 547,053-607-3900,053-767-8119
210,대구광역시,달서소방서,월성119안전센터,대구광역시 달서구 학산로 75,059-607-2940,053-635-0228
211,대구광역시,달서소방서,본리119안전센터,대구광역시 달서구 대명천로 134,053-607-2950,053-625-0019
212,대구광역시,달서소방서,송현119안전센터,대구광역시 달서구 월배로 262,053-607-2960,053-632-1990
213,대구광역시,달서소방서,도원119안전센터,대구광역시 달서구 도원로 8,053-607-2970,053-636-8110
214,대구광역시,달서소방서,죽전119안전센터,대구광역시 달서구 와룡로 222,053-607-2990,053-563-0120
215,대구광역시,달성소방서,현풍119안전센터,대구광역시 달성군 현풍읍 비슬로 480,053-602-4930,053-670-5426
216,대구광역시,달성소방서,논공119안전센터,대구광역시 달성군 논공읍 논공중앙로33길 5,053-602-4951,053-615-6119
217,대구광역시,달성소방서,화원119안전센터,대구광역시 달성군 화원읍 화암로 122,053-602-4960,053-639-2119
218,대구광역시,달성소방서,구지119안전센터,대구광역시 달성군 구지면 달성2차로 111,053-602-4970,053-611-1197
219,대구광역시,달성소방서,옥포119안전센터,대구광역시 달성군 옥포읍 돌미로 93,053-602-4980,053-615-9195
220,대구광역시,강서소방서,다사119안전센터,대구광역시 달성군 다사읍 달구벌대로 920,053-601-5620,053-587-4119
221,대구광역시,강서소방서,성서119안전센터,대구광역시 달서구 성서로 357,053-601-5630,053-583-0120
222,대구광역시,강서소방서,대천119안전센터,대구광역시 달서구 달서대로58길 129,053-601-5650,053-584-0120
223,대구광역시,강서소방서,매곡119안전센터,대구광역시 달성군 다사읍 달구벌대로 753,053-601-5660,053-591-0119
224,대구광역시,강북소방서,구암119안전센터,대구광역시 북구 구암서로 71,053-607-5930,053-609-5939
225,대구광역시,강북소방서,읍내119안전센터,대구광역시 북구 칠곡중앙대로 570,053-607-5941,053-321-0119
226,대구광역시,강북소방서,태전119안전센터,대구광역시 북구 칠곡중앙대로 184,053-607-5950,053-312-0119
227,대구광역시,강북소방서,무태119안전센터,대구광역시 북구 호국로43길 21,053-607-5961,053-952-2119
228,대구광역시,강북소방서,금호119안전센터,대구광역시 북구 한강로 105,053-607-5971,053-314-0119
229,인천광역시,중부소방서,중앙119안전센터,인천광역시 중구 인중로 204,032-870-5180,032-870-5186
230,인천광역시,중부소방서,송현119안전센터,인천광역시 동구 방축로 39,032-870-5182,032-579-3119
231,인천광역시,중부소방서,송림119안전센터,인천광역시 동구 샛골로 133,032-870-5184,032-764-7109
232,인천광역시,중부소방서,만석119안전센터,인천광역시 중구 제물량로 396,032-870-5185,032-766-2119
233,인천광역시,중부소방서,연안119안전센터,인천광역시 중구 축항대로 118번길 108,032-870-5186,032-887-4688
234,인천광역시,중부소방서,백령119안전센터,인천광역시 옹진군 백령면 백령남로30,032-870-5153,032-836-2119
235,인천광역시,남동소방서,구월119안전센터,인천광역시 남동구 인주대로714 ,032-870-5221,032-461-1197
236,인천광역시,남동소방서,만수119안전센터,인천광역시 남동구 백범로207,032-870-5222,032-464-7290
237,인천광역시,남동소방서,간석119안전센터,인천광역시 남동구 경인로621,032-870-5223,032-431-1119
238,인천광역시,남동소방서,담방119안전센터,인천광역시 남동구 매소홀로1044,032-870-5224,032-469-1119
239,인천광역시,남동소방서,서창119안전센터,인천광역시 남동구 서창방산로61,032-870-5259,032-463-1199
240,인천광역시,부평소방서,갈산119안전센터,인천광역시 부평구 부평대로 324,032-723-5353,032-519-1190
241,인천광역시,부평소방서,부평119안전센터,인천광역시 부평구 부평대로 8,032-723-5354,032-513-1190
242,인천광역시,부평소방서,십정119안전센터,인천광역시 부평구 경원대로 1111,032-723-5355,032-422-0819
243,인천광역시,부평소방서,산곡119안전센터,인천광역시 부평구 마장로 198,032-723-5356,032-506-1190
244,인천광역시,부평소방서,부개119안전센터,인천광역시 부평구 부개로 6,032-723-5357,032-362-1991
245,인천광역시,부평소방서,삼산119안전센터,인천광역시 부평구 충선로 252,032-723-5358,032-508-9119
246,인천광역시,서부소방서,연희119안전센터,인천광역시 서구 서곶로 292,032-723-5421,032-562-0138
247,인천광역시,서부소방서,가좌119안전센터,인천광역시 서구 백범로678번길 17,032-723-5422,032-577-2119
248,인천광역시,서부소방서,신현119안전센터,인천광역시 서구 가정로 333-1,032-723-5423,032-572-7119
249,인천광역시,서부소방서,석남119안전센터,인천광역시 서구 석남로 102,032-723-5424,032-581-7609
250,인천광역시,서부소방서,검암119안전센터,인천광역시 서구 승학로 474,032-723-5426,032-562-1199
251,인천광역시,서부소방서,청라119안전센터,인천광역시 서구 청라한내로 77,032-723-5446,032-569-5027
252,인천광역시,서부소방서,원창119안전센터,인천광역시 서구 북항로32번길 47-5,032-723-5445,032-581-2119
253,인천광역시,공단소방서,고잔119안전센터,인천광역시 남동구 남동서로 208,032-723-5521,032-818-7119
254,인천광역시,공단소방서,옥련119안전센터,인천광역시 연수구 청량로 155번길 7,032-832-0119,032-834-6119
255,인천광역시,공단소방서,도림119안전센터,인천광역시 남동구 비류대로 667,032-814-2119,032-814-1196
256,인천광역시,공단소방서,동춘119안전센터,인천광역시 연수구 앵고개로 241,032-813-2119,032-813-1193
257,인천광역시,공단소방서,논현119안전센터,인천광역시 남동구 소래역로 109,032-439-2119,032-439-5119
258,인천광역시,공단소방서,소래119안전센터,인천광역시 남동구 에코중앙로 86,032-432-0440,032-432-0550
259,인천광역시,계양소방서,작전119안전센터,인천광역시 계양구 장제로 774,032-650-5621,032-555-8118
260,인천광역시,계양소방서,계산119안전센터,인천광역시 계양구 주부토로 557,032-542-0119,032-547-0119
261,인천광역시,계양소방서,장기119안전센터,인천광역시 계양구 장기서로 14,032-515-6119,032-547-6112
262,인천광역시,계양소방서,효성119안전센터,인천광역시 계양구 효서로 96-1,032-541-0119,032-554-2119
263,인천광역시,미추홀소방서,신기119안전센터,인천광역시 인하로190,032-870-3296,032-870-3288
264,인천광역시,미추홀소방서,주안119안전센터,인천광역시 한나루로 607,032-870-3452,032-874-7261
265,인천광역시,미추홀소방서,도화119안전센터,인천광역시 장고개로 85,032-870-3453,032-872-2119
266,인천광역시,미추홀소방서,용현119안전센터,인천광역시 독배로 376,032-870-3454,032-889-2119
267,인천광역시,미추홀소방서,관교119안전센터,인천광역시 인하로 450,032-870-3455,032-435-1196
268,인천광역시,미추홀소방서,숭의119안전센터,인천광역시 석정로 49번길 30,032-870-3456,032-891-3119
269,인천광역시,강화소방서,불은119안전센터,인천광역시 강화군 불은면 중앙로 505,032-930-5811,032-930-5812
270,인천광역시,강화소방서,강화119안전센터,인천광역시 강화군 강화읍 남문로23번길 11,032-930-5894,032-932-0580
271,인천광역시,강화소방서,길상119안전센터,인천광역시 강화군 길상면 마니산로 93,032-930-5822,032-930-5899
272,인천광역시,강화소방서,내가119안전센터,인천광역시 강화군 내가면 강화서로 235-1,032-930-5823,032-933-9919
273,인천광역시,영종소방서,공항119안전센터,인천광역시 중구 제2터미널대로 268(운서동),032-727-6180,032-727-6190
274,인천광역시,영종소방서,운서119안전센터,인천광역시 중구 흰바위로27번길 16(운서동),032-727-6182,032-751-0119
275,인천광역시,영종소방서,운남119안전센터,인천광역시 중구 운남로 116(운남동),032-727-6181,032-746-0119
276,인천광역시,영종소방서,용유119안전센터,인천광역시 중구 용유서로128번길 1(을왕동),032-727-6183,032-747-0119
277,인천광역시,송도소방서,미래119안전센터,인천광역시 연수구 첨단대로 60번길 15(송도동),032-810-6660,032-810-6664
278,인천광역시,송도소방서,신송119안전센터,인천광역시 연수구 해돋이로 92(송도동),032-810-6683,032-831-8119
279,인천광역시,송도소방서,국제119안전센터,인천광역시 연수구 센트럴로 412(송도동),032-831-6119,032-832-6119
280,인천광역시,송도소방서,영흥119안전센터,인천광역시 옹진군 영흥면 영흥로 283-32,032-810-6692,032-886-3119
281,인천광역시,검단소방서,마전119안전센터,인천광역시 서구 원당대로 736 인천검단소방서 3층,032-590-2715,032-590-2716
282,인천광역시,검단소방서,검단119안전센터,인천광역시 서구 완정로 191,032-590-2725,032-564-0119
283,인천광역시,검단소방서,원당119안전센터,인천광역시 서구 원당대로 881,032-590-2735,032-568-1196
284,인천광역시,검단소방서,오류119안전센터,인천광역시 서구 대촌로 6,032-590-2755,032-565-4119
285,광주광역시,동부소방서,대인119안전센터,광주광역시 동구 제봉로 210(대인동),062-606-4200,062-606-4229
286,광주광역시,동부소방서,용산119안전센터,광주광역시 동구 남문로 535(용산동),062-606-4240,062-606-4254
287,광주광역시,동부소방서,지산119안전센터,광주광역시 동구 밤실로30번길 16(지산동),062-606-4255,062-606-4439
288,광주광역시,서부소방서,화정119안전센터,광주광역시 서구 화운로 197(화정동),062-606-4270,062-606-4299
289,광주광역시,서부소방서,염주119안전센터,광주광역시 서구 염화로 77(화정동),062-606-4310,062-606-4324
290,광주광역시,서부소방서,금호119안전센터,광주광역시 서구 운천로 112(쌍촌동),062-606-4325,062-606-4339
291,광주광역시,서부소방서,상무119안전센터,광주광역시 서구 치평로 65(치평동),062-606-4340,062-606-4354
292,광주광역시,서부소방서,풍암119안전센터,광주광역시 서구 회재로 907(금호동),062-606-4355,062-606-4369
293,광주광역시,남부소방서,송하119안전센터,광주광역시 남구 송암로58번길 13(송하동),062-606-4370,062-606-4399
294,광주광역시,남부소방서,월산119안전센터,광주광역시 남구 수박등로 1(월산동),062-606-4410,062-606-4424
295,광주광역시,남부소방서,봉선119안전센터,광주광역시 남구 오방로 63(방림동),062-606-4425,062-606-4439
296,광주광역시,남부소방서,대촌119안전센터,광주광역시 남구 회재로 251(지석동),062-606-4440,062-606-4454
297,광주광역시,북부소방서,문흥119안전센터,광주광역시 북구 서하로 290(오치동),062-606-4460,062-606-4489
298,광주광역시,북부소방서,임동119안전센터,광주광역시 북구 서림로 5(임동),062-606-4500,062-606-4514
299,광주광역시,북부소방서,우산119안전센터,광주광역시 북구 동문대로 127(우산동),062-606-4515,062-606-4529
300,광주광역시,북부소방서,일곡119안전센터,광주광역시 북구 설죽로 529(일곡동),062-606-4530,062-606-4544
301,광주광역시,북부소방서,두암119안전센터,광주광역시 북구 삼정로 5(두암동),062-606-4545,062-606-4559
302,광주광역시,북부소방서,동림119안전센터,광주광역시 북구 북문대로 202(동림동),062-606-4560,062-606-4574
303,광주광역시,북부소방서,건국119안전센터,광주광역시 북구 용두마을길 10,062-606-4575,062-606-4589
304,광주광역시,광산소방서,하남119안전센터,광주광역시 광산구 하남산단1번로 13(하남동),062-606-4600,062-606-4629
305,광주광역시,광산소방서,송정119안전센터,광주광역시 광산구 상무대로 93-1(도산동),062-606-4640,062-606-4654
306,광주광역시,광산소방서,월곡119안전센터,광주광역시 광산구 우산로 85번길 12-5(우산동),062-606-4655,062-606-4669
307,광주광역시,광산소방서,비아119안전센터,광주광역시 광산구 비아로12번길 10(비아동),062-606-4670,062-606-4684
308,광주광역시,광산소방서,신가119안전센터,광주광역시 광산구 수등로 236(신가동),062-606-4685,062-606-4699
309,광주광역시,광산소방서,첨단119안전센터,광주광역시 광산구 임방울대로825번길 16(쌍암동),062-606-4700,062-606-4714
310,광주광역시,광산소방서,평동119안전센터,광주광역시 광산구 월전로 59(월전동),062-606-4715,062-606-4729
311,광주광역시,광산소방서,빛그린119안전센터,광주광역시 광산구 삼도로 65(삼거동),062-606-4730,062-606-4744
312,대전광역시,동부소방서,가양119안전센터,대전광역시 동구 계족로 300,042-270-1221,042-270-1229
313,대전광역시,동부소방서,삼성119안전센터,대전광역시 동구 태전로 134,042-270-1231,042-270-1239
314,대전광역시,동부소방서,원동119안전센터,대전광역시 동구 대전천동로 508,042-270-1241,042-270-1249
315,대전광역시,동부소방서,부사119안전센터,대전광역시 중구 대종로 373,042-270-1251,042-270-1259
316,대전광역시,동부소방서,산내119안전센터,대전광역시 동구 산내로 1328,042-270-1261,042-270-1269
317,대전광역시,동부소방서,용운119안전센터,대전광역시 동구 용운로 151번길 88,042-270-1271,042-270-1279
318,대전광역시,둔산소방서,갈마119안전센터,대전광역시 서구 갈마중로 15,042-270-1804,042-270-1959
319,대전광역시,둔산소방서,태평119안전센터,대전광역시 중구 동서대로 1235,042-270-1811,042-270-1819
320,대전광역시,둔산소방서,탄방119안전센터,대전광역시 서구 문정로 142,042-270-1821,042-270-1829
321,대전광역시,둔산소방서,월평119안전센터,대전광역시 서구 청사로 27,042-270-1831,042-270-1839
322,대전광역시,둔산소방서,샘머리119안전센터,대전광역시 서구 둔산로 101번길 26,042-270-1841,042-270-1849
323,대전광역시,대덕소방서,법동119안전센터,대전광역시 대덕구 계족로 682,042-270-1851,042-270-1859
324,대전광역시,대덕소방서,대화119안전센터,대전광역시 대덕구 대화로 81,042-270-1861,042-270-1869
325,대전광역시,대덕소방서,덕암119안전센터,대전광역시 대덕구 신탄진로 661,042-270-1871,042-270-1879
326,대전광역시,대덕소방서,문평119안전센터,대전광역시 대덕구 문평동로 18번길 34,042-270-1881,042-270-1889
327,대전광역시,대덕소방서,송촌119안전센터,대전광역시 대덕구 동춘당로 65,042-270-1891,042-270-1899
328,대전광역시,유성소방서,도룡119안전센터,대전광역시 유성구 대덕대로 516,042-270-1903,042-270-1909
329,대전광역시,유성소방서,전민119안전센터,대전광역시 유성구 엑스포로 486-11,042-270-1912,042-270-1919
330,대전광역시,유성소방서,구암119안전센터,대전광역시 유성구 월드컵대로 263,042-270-1922,042-270-1929
331,대전광역시,유성소방서,궁동119안전센터,대전광역시 유성구 궁동로 35,042-270-1931,042-270-1939
332,대전광역시,유성소방서,노은119안전센터,대전광역시 유성구 노은로 101,042-270-1942,042-270-1949
333,대전광역시,서부소방서,복수119안전센터,대전광역시 서구 복수서로 67,042-270-1952,042-270-1952
334,대전광역시,서부소방서,문화119안전센터,대전광역시 중구 계룡로 918번길 67,042-270-1961,042-270-1969
335,대전광역시,서부소방서,산성119안전센터,대전광역시 중구 산성로 59,042-270-1971,042-270-1979
336,대전광역시,서부소방서,가수원119안전센터,대전광역시 서구 용소로 46,042-270-1981,042-270-1989
337,대전광역시,서부소방서,원내119안전센터,대전광역시 유성구 계백로 801번길 17,042-270-1991,042-270-1999
338,대전광역시,서부소방서,기성119안전센터,대전광역시 서구 금평2길 57,042-270-1281,042-270-1228
339,울산광역시,중부소방서,유곡119안전센터,울산광역시 중구 종가로 205,052-241-2401,052-241-2419
340,울산광역시,중부소방서,성남119안전센터,울산광역시 중구 젊음의거리 6,052-241-2421,052-241-2421
341,울산광역시,중부소방서,병영119안전센터,울산광역시 중구 구교로 226,052-241-2440,052-241-2459
342,울산광역시,중부소방서,태화119안전센터,울산광역시 중구 태화로 111,052-241-2531,052-241-2549
343,울산광역시,남부소방서,삼산119안전센터,울산광역시 남구 삼산중로 149,052-241-2580,052-241-2599
344,울산광역시,남부소방서,여천119안전센터,울산광역시 남구 여천로 81-33,052-241-2610,052-241-2629
345,울산광역시,남부소방서,신정119안전센터,울산광역시 남구 신정로 87번길 2,052-241-2630,052-241-2641
346,울산광역시,남부소방서,옥동119안전센터,울산광역시 남구 대공원입구로21번길 20,052-241-2690,052-241-2709
347,울산광역시,남부소방서,무거119안전센터,울산광역시 남구 문수로 89,052-241-2650,052-241-2669
348,울산광역시,남부소방서,장생포119안전센터,울산광역시 남구 매암로 18,052-241-2560,052-241-2569
349,울산광역시,남부소방서,공단119안전센터,울산광역시 남구 부곡로 287,052-241-2670,052-241-2687
350,울산광역시,동부소방서,화암119안전센터,울산광역시 동구 꽃바위2가길 9,052-241-2720,052-241-2739
351,울산광역시,동부소방서,화정119안전센터,울산광역시 동구 방어진순환도로 601,052-241-2740,052-241-2759
352,울산광역시,동부소방서,전하119안전센터,울산광역시 동구 진성4가길 8,052-241-2760,052-241-2819
353,울산광역시,북부소방서,송정119안전센터,울산광역시 북구 화동로 178,052-229-8200,052-229-8219
354,울산광역시,북부소방서,농소119안전센터,울산광역시 북구 아진로 72,052-229-8240,052-229-8888
355,울산광역시,북부소방서,매곡119안전센터,울산광역시 북구 오토밸리로 1024,052-229-8260,052-229-8279
356,울산광역시,북부소방서,염포119안전센터,울산광역시 북구 염포로 769,052-229-8220,052-229-8239
357,울산광역시,북부소방서,강동119안전센터,울산광역시 북구 산하중앙2로 231 ,052-229-8280,052-229-8289
358,울산광역시,온산소방서,온산119안전센터,울산광역시 울주군 온산읍 덕신로 232,052-241-2860,052-241-2879
359,울산광역시,온산소방서,온양119안전센터,울산광역시 울주군 온양읍 온양로 74,052-241-2890,052-241-2909
360,울산광역시,온산소방서,웅촌119안전센터,울산광역시 울주군 웅촌면 곡천검단로 9,052-241-2910,052-241-2929
361,울산광역시,온산소방서,화산119안전센터,울산광역시 울주군 온산읍 공단로 417,052-241-2840,052-241-2859
362,울산광역시,울주소방서,언양119안전센터,울산광역시 울주군 삼남읍 도호길 72-37,052-241-2461,052-241-2479
363,울산광역시,울주소방서,범서119안전센터,울산광역시 울주군 웅촌면 곡천검단로 9,052-241-2501,052-241-2929
364,울산광역시,울주소방서,두서119안전센터,울산광역시 울주군 두서면 인보로 85,052-241-2556,052-241-2471
365,세종특별자치시,조치원소방서,조치원119안전센터,세종특별자치시 조치원읍 세종로 2439,044-300-8523,044-863-6119
366,세종특별자치시,조치원소방서,전의119안전센터,세종특별자치시 전의면 서정길 46-6,044-300-8533,044-862-7119
367,세종특별자치시,조치원소방서,부강119안전센터,세종특별자치시 부강면 청연로 7,044-300-8543,044-277-7078
368,세종특별자치시,조치원소방서,연서119안전센터,세종특별자치시 연서면 도신고복로 306,044-300-8553,044-862-8119
369,세종특별자치시,세종소방서,어진119안전센터,세종특별자치시 절재로 301(어진동),044-300-8623,044-864-9119
370,세종특별자치시,세종소방서,아름119안전센터,세종특별자치시 보듬3로 119(아름동),044-300-8633,044-269-5645
371,세종특별자치시,세종소방서,한솔119안전센터,세종특별자치시 노을3로 29(한솔동),044-300-8643,044-862-2419
372,세종특별자치시,세종소방서,보람119안전센터,세종특별자치시 남세종로 436(보람동),044-300-8653,044-864-3119
373,세종특별자치시,세종소방서,장군119안전센터,세종특별자치시 장군면 장척로 387-4,044-300-8663,044-868-5114
374,경기도,수원소방서,정자119안전센터,경기도 수원시 정자천로189번길 12,031-8012-9500,031-280-8520
375,경기도,수원소방서,원천119안전센터,경기도 수원시 영통구 중부대로 349,031-8012-9530,031-280-8523
376,경기도,수원소방서,파장119안전센터,경기도 수원시 장안구 서부로 2308,031-8012-9570,031-280-8526
377,경기도,수원소방서,이의119안전센터,경기도 수원시 영통구 도청로 10,031-8012-9580,031-280-8527
378,경기도,수원소방서,영통119안전센터,경기도 수원시 영통구 매영로 325,031-8012-9140,031-280-8520
379,경기도,수원남부소방서,남부119안전센터,경기도 수원시 권선구 동수원로 286,031-639-8500,031-280-8521
380,경기도,수원남부소방서,매산119안전센터,경기도 수원시 팔달구 매산로 89,031-639-8520,031-280-8522
381,경기도,수원남부소방서,지만119안전센터,경기도 수원시 팔달구 경수대로 660,031-639-8530,031-280-8524
382,경기도,수원남부소방서,서둔119안전센터,경기도 수원시 권선구 서호동로 48,031-639-8540,031-280-8525
383,경기도,수원남부소방서,고색119안전센터,경기도 수원시 권선구 서부로 1614,031-639-8550,031-280-8528
384,경기도,수원남부소방서,호매실119안전센터,경기도 수원시 권선구 금곡로 194,031-639-8560,031-280-8529
385,경기도,성남소방서,하대원119안전센터,경기도 성남시 중원구 마지로 64,031-720-0500,031-280-8536
386,경기도,성남소방서,신흥119안전센터,경기도 성남시 수정구 시민로 151,031-720-0510,031-280-8537
387,경기도,성남소방서,상대원119안전센터,경기도 성남시 중원구 둔촌대로 469,031-720-0530,031-280-8538
388,경기도,성남소방서,단대119안전센터,경기도 성남시 수정구 논골로 11번길 7-2,031-720-0520,031-280-8539
389,경기도,성남소방서,위례119안전센터,경기도 성남시 수정구 헌릉로 1003,031-720-0540,031-280-8540
390,경기도,성남소방서,태평119안전센터,경기도 성남시 수정구 성남대로 1312,031-720-0550,031-280-8541
391,경기도,성남소방서,고등119안전센터,경기도 성남시 수정구 대왕판교로 931,031-720-0560,031-280-8541
392,경기도,분당소방서,서현119안전센터,경기도 성남시 분당구 양현로 14,031-8018-3500,031-8018-3501
393,경기도,분당소방서,판교119안전센터,경기도 성남시 분당구 대왕판교로644번길 62,031-8018-3510,031-8018-3511
394,경기도,분당소방서,서판교119안전센터,경기도 성남시 분당구 운중로 88,031-8018-3560,031-8018-3561
395,경기도,분당소방서,수내119안전센터,경기도 성남시 분당구 백현로 241,031-8018-3520,031-8018-3521
396,경기도,분당소방서,야탑119안전센터,경기도 성남시 분당구 양현로 485,031-8018-3530,031-8018-3531
397,경기도,분당소방서,구미119안전센터,경기도 성남시 분당구 돌마로 138,031-8018-3550,031-8018-3551
398,경기도,부천소방서,중앙119안전센터,경기도 부천시 신흥로 115 ,032-650-4500,032-280-8580
399,경기도,부천소방서,오정119안전센터,경기도 부천시 신흥로 499 ,032-650-4510,032-280-8581
400,경기도,부천소방서,중동119안전센터,경기도 부천시 부일로 346 ,032-650-4520,032-280-8582
401,경기도,부천소방서,괴안119안전센터,경기도 부천시 부광로8번길 49,032-650-4530,032-280-8583
402,경기도,부천소방서,원종119안전센터,경기도 부천시 원종로79번길 41 ,032-650-4540,032-280-8584
403,경기도,부천소방서,상동119안전센터,경기도 부천시 장말로 113 ,032-650-4550,032-280-8585
404,경기도,부천소방서,서부119안전센터,경기도 부천시 계남로 169 ,032-650-4560,032-280-8586
405,경기도,부천소방서,범박119안전센터,경기도 부천시 범안로 127,032-650-4570,032-280-8587
406,경기도,부천소방서,신상119안전센터,경기도 부천시 상동로117번길 36 ,032-650-4580,032-280-8588
407,경기도,부천소방서,여월119안전센터,경기도 부천시 여월로 62 ,032-650-4590,032-280-8589
408,경기도,안양소방서,부림119안전센터,경기도 안양시 동안구 관평로212번길 32,031-470-0500,031-280-8595
409,경기도,안양소방서,안양119안전센터,경기도 안양시 만안구 현충로 55,031-470-0510,031-280-8596
410,경기도,안양소방서,관양119안전센터,경기도 안양시 동안구 동편로13번길 6,031-470-0530,031-280-8597
411,경기도,안양소방서,석수119안전센터,경기도 안양시 만안구 석수로 28,031-470-0540,031-280-8598
412,경기도,안양소방서,귀인119안전센터,경기도 안양시 동안구 평촌대로 104,031-470-0550,031-280-8599
413,경기도,안양소방서,박달119안전센터,경기도 안양시 만안구 오리로 38,031-470-0560,031-280-8600
414,경기도,안산소방서,고잔119안전센터,경기도 안산시 단원구 화랑로 407,031-470-7500,031-280-8606
415,경기도,안산소방서,원시119안전센터,경기도 안산시 단원구 동산로 31,031-470-7510,031-280-8607
416,경기도,안산소방서,선부119안전센터,겅기도 안산시 단원구 선부광장서로 43,031-470-7520,031-280-8608
417,경기도,안산소방서,성곡119안전센터,경기도 안산시 단원구 장자골로 66,031-470-7540,031-280-8609
418,경기도,안산소방서,월피119안전센터,경기도 안산시 상록구 충장로 645,031-470-7550,031-280-8610
419,경기도,안산소방서,군자119안전센터,경기도 안산시 단원구 번영1로 45,031-470-7560,031-280-8611
420,경기도,안산소방서,사동119안전센터,경기도 안산시 상록구 항가울로 230,031-470-7570,031-280-8612
421,경기도,안산소방서,대부119안전센터,경기도 안산시 단원구 영전로 375,031-470-7580,031-280-8613
422,경기도,안산소방서,반월119안전센터,경기도 안산시 상록구 건지미길 48,031-470-7590,031-280-8614
423,경기도,안산소방서,신길119안전센터,경기도 안산시 단원구 삼일로 50,031-470-7480,031-280-8615
424,경기도,용인소방서,역북119안전센터,경기도 용인시 처인구 명지로 45,031-8021-0500,031-280-8622
425,경기도,용인소방서,구갈119안전센터,경기도 용인시 기흥구 신구로 74,031-8021-0510,031-280-8623
426,경기도,용인소방서,수지119안전센터,경기도 용인시 수지구 풍덕천로 177,031-8021-0520,031-280-8624
427,경기도,용인소방서,양지119안전센터,경기도 용인시 처인구 양지면 남평로 46,031-8021-0530,031-280-8625
428,경기도,용인소방서,남사119안전센터,경기도 용인시 처인구 남사면 봉무로 13,031-8021-0540,031-280-8626
429,경기도,용인소방서,포곡119안전센터,경기도 용인시 처인구 포곡읍 포곡로 252,031-8021-0550,031-280-8627
430,경기도,용인소방서,이동119안전센터,경기도 용인시 처인구 이동면 백옥대로 416-2,031-8021-0560,031-280-8628
431,경기도,용인소방서,보정119안전센터,경기도 용인시 기흥구 보정로114번길 2,031-8021-0570,031-280-8629
432,경기도,용인소방서,백암119안전센터,경기도 용인시 처인구 백암면 백암로 247,031-8021-0580,031-280-8630
433,경기도,용인소방서,동백119안전센터,경기도 용인시 기흥구 동백6로 33,031-8021-0590,031-280-8631
434,경기도,용인소방서,모현119안전센터,경기도 용인시 처인구 모현면 독점로 31-12,031-8021-0140,031-280-8632
435,경기도,용인소방서,기흥119안전센터,경기도 용인시 기흥구 한보라1로 128,031-8021-0150,031-280-8875
436,경기도,용인소방서,성복119안전센터,경기도 용인시 수지구 성복동 547-1,031-8021-0180,031-280-8618
437,경기도,평택소방서,비전119안전센터,경기도 평택시 중앙로 273,031-8053-6500,031-280-8662
438,경기도,평택소방서,안중119안전센터,경기도 평택시 안중읍 안현로서7길 28,031-8053-6530,031-280-8663
439,경기도,평택소방서,팽성119안전센터,경기도 평택시 팽성읍 팽성송화로 172,031-8053-6510,031-280-8664
440,경기도,평택소방서,포승119안전센터,경기도 평택시 포승읍 평택항로 156번길 11,031-8053-6540,031-280-8665
441,경기도,평택소방서,세교119안전센터,경기도 평택시 세교동 603,031-8053-6550,031-280-8668
442,경기도,송탄소방서,신장119안전센터,경기도 평택시 경기대로 1627,031-685-8500,031-685-8509
443,경기도,송탄소방서,진위119안전센터,경기도 평택시 진위면 봉남길 30,031-685-8510,031-685-8519
444,경기도,송탄소방서,모곡119안전센터,경기도 평택시 산단로64번길 2 ,031-685-8520,031-685-8529
445,경기도,송탄소방서,서탄119안전센터,경기도 평택시 서탄면 서탄로 241,031-685-8530,031-685-8539
446,경기도,송탄소방서,고덕119안전센터,경기도 평택시 고덕면 고덕로 335,031-695-8540,031-685-8549
447,경기도,송탄소방서,청북119안전센터,경기도 평택시 청북면 현곡산단로 16,031-685-8550,031-685-8559
448,경기도,광명소방서,소하119안전센터,경기도 광명시 금하로 472,02-2610-3500,031-280-8682
449,경기도,광명소방서,광명119안전센터,경기도 광명시 목감로 306,02-2610-3510,031-280-8683
450,경기도,광명소방서,하안119안전센터,경기도 광명시 범안로 1025,02-2610-3520,031-280-8684
451,경기도,광명소방서,광남119안전센터,경기도 광명시 목감로 34,02-2610-3530,031-280-8685
452,경기도,시흥소방서,시흥119안전센터,경기도 시흥시 정왕신길로 206,031-310-0500,031-280-8691
453,경기도,시흥소방서,은행119안전센터,경기도 시흥시 대은로 4,031-310-0510,031-280-8692
454,경기도,시흥소방서,정왕119안전센터,경기도 공단1대로259번길 1,031-310-0520,031-280-8693
455,경기도,시흥소방서,연성119안전센터,경기도 시흥시 새재로 29,031-310-0530,031-280-8694
456,경기도,시흥소방서,목감119안전센터,경기도 시흥시 목감우회로 15,031-310-0540,031-280-8881
457,경기도,군포소방서,오금119안전센터,경기도 군포시 고산로 429,031-479-8500,031-280-8700
458,경기도,군포소방서,산본119안전센터,경기도 군포시 산본로432번길 1,031-479-8510,031-280-8701
459,경기도,군포소방서,송정119안전센터,경기도 군포시 도마교동 487,031-479-8520,031-280-8701
460,경기도,화성소방서,향남119안전센터,경기도 화성시 향남읍 향남로 399 ,031-8012-6500,031-280-8848
461,경기도,화성소방서,팔탄119안전센터,경기도 화성시 팔탄면 구장길 2,031-8012-6340,031-280-8845
462,경기도,화성소방서,정남119안전센터,경기도 화성시 정남면 정남동로 514,031-8012-6520,031-280-8849
463,경기도,화성소방서,반송119안전센터,경기도 화성시 동탄반석로 188,031-8012-6530,031-280-8850
464,경기도,화성소방서,목동119안전센터,경기도 화성시 동탄신리천로 359,031-8012-6460,031-280-8855
465,경기도,화성소방서,태안119안전센터,경기도 화성시 병점중앙로 148,031-8012-6580,031-280-8851
466,경기도,화성소방서,남양119안전센터,경기도 화성시 남양읍 남양시장로 48,031-8012-6550,031-280-8852
467,경기도,화성소방서,봉담119안전센터,경기도 화성시 봉담읍 동화새터길 135,031-8012-6560,031-280-8853
468,경기도,화성소방서,장안119안전센터,경기도 화성시 장안면 3.1만세로 119,031-8012-6570,031-280-8854
469,경기도,이천소방서,관고119안전센터,경기도 이천시 경충대로 2739,031-645-5500,031-280-8721
470,경기도,이천소방서,대월119안전센터,경기도 이천시 경충대로 1973,031-645-5510,031-645-5519
471,경기도,이천소방서,장호원119안전센터,경기도 이천시 서동대로8829번길 71,031-645-5520,031-645-5520
472,경기도,이천소방서,마장119안전센터,경기도 이천시 마장면 중앙로 87,031-645-5530,031-645-5530
473,경기도,김포소방서,중앙119안전센터,경기도 김포시 감암로 111,031-980-4500,031-280-8737
474,경기도,김포소방서,양촌119안전센터,경기도 김포시 양곡1로 85,031-980-4510,031-280-8738
475,경기도,김포소방서,마산119안전센터,경기도 김포시 김포한강8로 196,031-980-4570,031-280-8742
476,경기도,김포소방서,대곶119안전센터,경기도 김포시 대곶면 수남로 104,031-980-4560,031-280-8740
477,경기도,김포소방서,통진119안전센터,경기도 김포시 통진읍 김포대로 2250,031-980-4520,031-280-8739
478,경기도,김포소방서,고촌119안전센터,경기도 김포시 고촌읍 은행영사정로 31,031-980-4530,031-280-4530
479,경기도,김포소방서,하성119안전센터,경기도 김포시 하성면 하성로 404,031-980-4540,031-280-8743
480,경기도,광주소방서,초월119안전센터,경기도 광주시 초월읍 무들로 112,031-799-2500,031-280-8762
481,경기도,광주소방서,송정119안전센터,경기도 광주시 수하길 36,031-799-2510,031-280-8763
482,경기도,광주소방서,오포119안전센터,경기도 광주시 오포로 910-5,031-799-2520,031-280-8764
483,경기도,광주소방서,광남119안전센터,경기도 광주시 고불로 277,031-799-2570,031-280-8764
484,경기도,광주소방서,곤지암119안전센터,경기도 광주시 곤지암읍 광여로 160,031-799-2530,031-280-8765
485,경기도,광주소방서,능평119안전센터,경기도 광주시 오포읍 대명대길 30,031-799-2540,031-280-8766
486,경기도,안성소방서,도기119안전센터,경기도 안성시 미양로 855 ,031-678-4500,031-280-8772
487,경기도,안성소방서,미양119안전센터,경기도 안성시 미양면 제2공단3길 8 ,031-678-4510,031-280-8773
488,경기도,안성소방서,죽산119안전센터,경기도 안성시 죽산면 장원공단길 38 ,031-678-4520,031-280-8774
489,경기도,안성소방서,공도119안전센터,경기도 안성시 공도읍 공도로 111 ,031-678-4530,031-280-8775
490,경기도,안성소방서,원곡119안전센터,경기도 안성시 원곡면 원곡물류단지로 162-20 ,031-678-4540,031-280-8776
491,경기도,하남소방서,신장119안전센터,경기도 하남시 대청로 76,031-799-4500,031-280-8782
492,경기도,하남소방서,감일119안전센터,경기도 하남시 감일백제로 77,031-799-4510,031-280-8779
493,경기도,하남소방서,덕풍119안전센터,경기도 하남시 덕풍서로 60,031-799-4530,031-280-8784
494,경기도,하남소방서,미사119안전센터,경기도 하남시 미사강변대로 190,031-799-4540,031-280-8779
495,경기도,의왕소방서,고천119안전센터,경기도 의왕시 오봉로 9 ,031-596-0500,031-280-8861
496,경기도,의왕소방서,백운119안전센터,경기도 의왕시 안양판교로 187,031-596-0530,031-280-8863
497,경기도,의왕소방서,부곡119안전센터,경기도 의왕시 오봉로 289,031-596-0520,031-280-8862
498,경기도,오산소방서,세교119안전센터,경기도 오산시 문헌공로 30,031-8059-7500,031-280-8880
499,경기도,오산소방서,원동119안전센터,경기도 오산시 경기대로 99,031-8059-7520,031-280-8791
500,경기도,오산소방서,청학119안전센터,경기도 오산시 청학로 55-6,031-8059-7510,031-280-8790
501,경기도,여주소방서,월송119안전센터,경기도 여주시 우암로 110,031-887-8500,031-280-8797
502,경기도,여주소방서,가남119안전센터,경기도 여주시 가남읍 일신로 32,031-887-8510,031-280-8798
503,경기도,여주소방서,북내119안전센터,경기도 여주시 북내면 도예로 440,031-887-8520,031-280-8799
504,경기도,양평소방서,공흥119안전센터,경기도 양평군 양평읍 경강로 2047 ,031-770-0500,031 280-8805
505,경기도,양평소방서,강상119안전센터,경기도 양평군 강상면 송학길 54,031-770-0520,031 280-8806
506,경기도,양평소방서,용문119안전센터,경기도 양평군 용문면 연수로 64,031-770-0530,031 280-8807
507,경기도,양평소방서,양서119안전센터,경기도 양평군 양서면 두물머리길 43,031-770-0570,031-280-8882
508,경기도,과천소방서,중앙119안전센터,경기도 과천시 통영로 12,02-331-4500,031-280-8821
509,경기도,과천소방서,과천119안전센터,경기도 과천시 궁말로30,02-331-4510,031-280-8822
510,경기도,고양소방서,원당119안전센터,경기도 고양시 덕양구 고양대로 1342,031-931-0500,031-280-8557
511,경기도,고양소방서,능곡119안전센터,경기도 고양시 덕양구 토당로 48,031-931-0510,031-280-8558
512,경기도,고양소방서,삼송119안전센터,경기도 고양시 덕양구 오금로 14,031-931-0520,031-280-8559
513,경기도,고양소방서,행신119안전센터,경기도 고양시 덕양구 소원로 181번길 52,031-931-0530,031-280-8560
514,경기도,고양소방서,화전119안전센터,경기도 고양시 덕양구 중앙로 78,031-931-0540,031-280-8561
515,경기도,일산소방서,장항119안전센터,경기도 고양시 일산동구 중앙로 1325,031-930-0500,031-930-0499
516,경기도,일산소방서,백석119안전센터,경기도 고양시 일산동구 장백로 78,031-930-0510,031-930-0517
517,경기도,일산소방서,주엽119안전센터,경기도 고양시 일산서구 주화로 82,031-930-0520,031-912-0119
518,경기도,일산소방서,중산119안전센터,경기도 고양시 일산동구 중산로 218,031-930-0540,031-915-7119
519,경기도,일산소방서,고봉119안전센터,경기도 고양시 일산동구 성현로 429,031-930-0550,031-930-0556
520,경기도,일산소방서,대화119안전센터,경기도 고양시 일산서구 중앙로 1630,031-930-0570,031-930-0531
521,경기도,일산소방서,풍동119안전센터,경기도 고양시 일산동구 숲속마을로 10,031-930-0590,031-930-0599
522,경기도,일산소방서,문화119안전센터,경기도 고양시 일산동구 태극로 7,031-930-0580,031-280-8883
523,경기도,의정부소방서,금오119안전센터,경기도 의정부시 금오로23번길 22-40,031-849-7500,031-280-8641
524,경기도,의정부소방서,흥선119안전센터,경기도 의정부시 의정로 48,031-849-7510,031-280-8640
525,경기도,의정부소방서,호원119안전센터,경기도 의정부시 평화로 322번길 7,031-849-7520,031-280-8642
526,경기도,의정부소방서,송산119안전센터,경기도 의정부시 충의로 90,031-849-7530,031-280-8643
527,경기도,의정부소방서,녹양119안전센터,경기도 의정부시 체육로 248,031-849-7540,031-280-8640
528,경기도,남양주소방서,평내119안전센터,경기도 남양주시 평내동 평내로 25,031-590-0500,031-280-8649
529,경기도,남양주소방서,진접119안전센터,경기도 남양주시 진접읍 금강로 1509-25,031-590-0520,031-280-8650
530,경기도,남양주소방서,진건119안전센터,경기도 남양주시 진건읍 진건오남로 112-21,031-590-0550,031-280-8651
531,경기도,남양주소방서,화도119안전센터,경기도 남양주시 화도읍 수레로1260번길 25,031-590-0540,031-280-8652
532,경기도,남양주소방서,와부119안전센터,경기도 남양주시 와부읍 덕소로97번길 34-2,031-590-0530,031-280-8653
533,경기도,남양주소방서,별내119안전센터,경기도 남양주시 별내동 송산로 793-41,031-590-0560,031-280-8654
534,경기도,남양주소방서,오남119안전센터,경기도 남양주시 오남읍 진건오남로 772,031-590-0590,031-280-8655
535,경기도,남양주소방서,가운119안전센터,경기도 남양주시 가운동 가운로 16,031-590-0570,031-280-8656
536,경기도,남양주소방서,다산119안전센터,경기도 남양주시 다산중앙로146번길 76,031-590-0580,031-280-8646
537,경기도,파주소방서,통일119안전센터,경기도 파주시 파주읍 통일로 1564 ,031-956-9501,031-956-9509
538,경기도,파주소방서,금촌119안전센터,경기도 파주시 가나무로 136  ,031-956-9512,031-956-9519
539,경기도,파주소방서,법원119안전센터,경기도 파주시 법원읍 화합로 141,031-956-9522,031-956-9529
540,경기도,파주소방서,광탄119안전센터,경기도 파주시 광탄면 혜음로 1040 ,031-956-9532,031-956-9539
541,경기도,파주소방서,탄현119안전센터,경기도 파주시 탄현면 필승로 458 ,031-956-9542,031-956-9549
542,경기도,파주소방서,월롱119안전센터,경기도 파주시 월롱면 엘씨디로 310 ,031-956-9552,031-956-9559
543,경기도,파주소방서,교하119안전센터,경기도 파주시 청석로 301 ,031-956-9562,031-956-9569
544,경기도,파주소방서,적성119안전센터,경기도 파주시 적성면 감악산로 1220 ,031-956-9572,031-956-9579
545,경기도,파주소방서,운정119안전센터,경기도 파주시 와석순환로 90,031-956-9582,031-956-9589
546,경기도,구리소방서,교문119안전센터,경기도 구리시 아차산로487번길 46,031-570-6500,031-280-8730
547,경기도,구리소방서,인창119안전센터,경기도 구리시 건원대로34번길 28,031-570-6510,031-280-8731
548,경기도,구리소방서,갈매119안전센터,경기도 구리시 산마루로68,031-570-6520,031-280-8884
549,경기도,포천소방서,군내119안전센터,경기도 포천시 호국로 1538,031-538-5500,031-280-8750
550,경기도,포천소방서,소흘119안전센터,경기도 포천시 소흘읍 송우로 182,031-538-5510,031-280-8751
551,경기도,포천소방서,영북119안전센터,경기도 포천시 영북면 영북로 144,031-538-5520,031-280-8752
552,경기도,포천소방서,일동119안전센터,경기도 포천시 일동면 영일로 978,031-538-5530,031-280-8753
553,경기도,포천소방서,가산119안전센터,경기도 포천시 포천로 890,031-538-5540,031-280-8754
554,경기도,포천소방서,내촌119안전센터,경기도 포천시 내촌면 내촌로 120,031-538-5550,031-280-8755
555,경기도,포천소방서,영중119안전센터,경기도 포천시 영중면 양문로 66,031-538-5560,031-280-8756
556,경기도,포천소방서,선단119안전센터,경기도 포천시 호국로 1007-33,031-538-5570,031-280-8898
557,경기도,양주소방서,백석119안전센터,경기도 양주시 꿈나무로 156,031-849-8500,031-849-8836
558,경기도,양주소방서,회천119안전센터,경기도 양주시 화합로 1272,031-849-8510,031-849-8837
559,경기도,양주소방서,광적119안전센터,경기도 양주시 광적면 광적로 55,031-849-8520,031-849-8838
560,경기도,양주소방서,고읍119안전센터,경기도 양주시 고덕로 266,031-849-8530,031-849-8839
561,경기도,양주소방서,남면119안전센터,경기도 양주시 남면 삼육사로 247,031-849-8540,031-849-8840
562,경기도,양주소방서,장흥119안전센터,경기도 양주시 장흥면 일영로 794,031-849-8550,031-849-8841
563,경기도,양주소방서,옥정119안전센터,경기도 양주시 옥정로 8길 52,031-849-8560,031-849-8876
564,경기도,동두천소방서,불현119안전센터,경기도 동두천시 지행로 6,031-830-5500,031-830-5459
565,경기도,동두천소방서,소요119안전센터,경기 동두천시 평화로2910번길 65,031-830-5510,031-830-5519
566,경기도,가평소방서,가평119안전센터,경기도 가평군 가평읍 가화로 36,031-734-500,031-580-0509
567,경기도,가평소방서,조종119안전센터,경기도 가평군 조종면 현창로 14,031-734-520,031-580-0529
568,경기도,가평소방서,설악119안전센터,경기도 가평군 설악면 한서로 7,031-734-530,031-580-0599
569,경기도,연천소방서,은대119안전센터,경기도 연천군 전곡읍 평화로 892,031-830-0500,031-280-8830
570,경기도,연천소방서,백학119안전센터,경기도 연천군 백학면 백학산단길 16,031-830-0530,031-830-0539
571,경기도,연천소방서,전곡119안전센터,경기도 연천군 전곡읍 전곡로 27,031-830-0510,031-830-0519
572,경기도,연천소방서,연천119안전센터,경기도 연천군 연천읍 차현로 92,031-830-0520,031-830-0529
573,강원도,춘천소방서,후평119안전센터,강원도 춘천시 후석로 446(후평동),033-248-4119,033-248-9519
574,강원도,춘천소방서,소양119안전센터,강원도 춘천시 가연길16번길 16,033-256-0119,033-248-9529
575,강원도,춘천소방서,효자119안전센터,강원도 춘천시 효명길 8,033-251-0119,033-248-9539
576,강원도,춘천소방서,대룡119안전센터,강원도 춘천시 동내면 고은길 9,033-262-7119,033-248-9549
577,강원도,춘천소방서,강촌119안전센터,강원도 춘천시 소주고개로 680,033-262-2119,033-248-9559
578,강원도,춘천소방서,신북119안전센터,강원도 춘천시 신북읍 신북로 35,033-243-5119,033-248-9569
579,강원도,원주소방서,혁신119안전센터,강원도 원주시 동부순환로 201(반곡동),033-769-1510,033-769-1519
580,강원도,원주소방서,명륜119안전센터,강원도 원주시 명륜동 832,033-769-1590,033-769-1599
581,강원도,원주소방서,학성119안전센터,강원도 원주시 학성길 122,033-769-1520,033-769-1529
582,강원도,원주소방서,단구119안전센터,강원도 원주시 강변로 255,033-769-1530,033-769-1539
583,강원도,원주소방서,신림119안전센터,강원도 원주시 신림면 치악로 27,033-769-1540,033-769-1549
584,강원도,원주소방서,우산119안전센터,강원도 원주시 우산공단길 9,033-769-1550,033-742-1559
585,강원도,원주소방서,태장119안전센터,강원도 원주시 태장공단길 4,033-769-1560,033-769-1569
586,강원도,원주소방서,문막119안전센터,강원도 원주시 문막읍 문막시장1길 90,033-769-1570,033-769-1579
587,강원도,원주소방서,흥업119안전센터,강원도 원주시 흥업면 북원로 1569-81,033-769-1580,033-769-1589
588,강원도,원주소방서,기업119안전센터,강원도 원주시 지정면 가곡리 1359-6,033-769-1470,033-769-1479
589,강원도,강릉소방서,유천119안전센터,강원도 강릉시 선수촌로 64-28(홍제동),033-645-0119,033-610-8519
590,강원도,강릉소방서,옥천119안전센터,강원도 강릉시 용지로 139(옥천동),033-648-2119,033-610-8529
591,강원도,강릉소방서,경포119안전센터,강원도 강릉시 해안로 502(안현동),033-644-2119,033-610-8539
592,강원도,강릉소방서,내곡119안전센터,강원도 강릉시 범일로 660(내곡동),033-647-7119,033-610-8549
593,강원도,강릉소방서,주문진119안전센터,강원도 강릉시 연곡면 연주로 226,033-662-2119,033-610-8559
594,강원도,강릉소방서,포남119안전센터,강원도 강릉시 하평2길 23(포남동),033-653-0119,033-610-8569
595,강원도,강릉소방서,옥계119안전센터,강원도 강릉시 옥계면 현내시장길 163,033-534-0119,033-610-8579
596,강원도,동해소방서,천곡119안전센터,강원도 동해시 천곡로 120(천곡동),033-533-3119,033-530-8129
597,강원도,동해소방서,묵호119안전센터,강원도 동해시 일출로 29(발한동),033-532-2119,033-530-8529
598,강원도,동해소방서,북삼119안전센터,강원도 동해시 효자남길 33-10(동회동),033-521-3119,033-530-8539
599,강원도,동해소방서,북평119안전센터,강원도 동해시 공단1로 21(구호동),033-521-5119,033-530-8549
600,강원도,태백소방서,황지119안전센터,강원도 태백시 태백로 1120(황지동),033-552-2119,033-550-8519
601,강원도,태백소방서,장성119안전센터,강원도 태백시 석공길 16-9,033-581-6119,033-550-8529
602,강원도,태백소방서,철암119안전센터,강원도 태백시 동태백로 552,033-582-9119,033-550-8539
603,강원도,태백소방서,화전119안전센터,강원도 태백시 태백로 814,033-553-6119,033-550-8549
604,강원도,속초소방서,노학119안전센터,강원도 속초시 미시령로 3226,033-636-2119,033-630-2519
605,강원도,속초소방서,영랑119안전센터,강원도 속초시 번영로 188,033-632-9119,033-630-2539
606,강원도,속초소방서,설악119안전센터,강원도 속초시 청봉로5길 37,033-636-7119,033-630-2529
607,강원도,삼척소방서,봉황119안전센터,강원도 삼척시 봉황로 101,033-570-8510,033-570-8519
608,강원도,삼척소방서,도계119안전센터,강원도 삼척시 도계읍 도계강변3길 16,033-541-2119,033-570-8529
609,강원도,삼척소방서,원덕119안전센터,강원도 삼척시 원덕읍 삼척로 581,033-572-6119,033-570-8539
610,강원도,삼척소방서,근덕119안전센터,강원도 삼척시 근덕면 교가길 37,033-574-1119,033-570-8549
611,강원도,홍천소방서,홍천119안전센터,강원도 홍천군 홍천읍 공작산로 99,033-435-0119,033-439-2129
612,강원도,홍천소방서,양덕원119안전센터,강원도 홍천군 남면 시동로 46,033-432-4119,033-439-2529
613,강원도,홍천소방서,서석119안전센터,강원도 홍천군 서석면 풍암길2길 9,033-433-4119,033-439-2539
614,강원도,홍천소방서,팔봉119안전센터,강원도 홍천군 서면 팔봉산로 523,033-434-0119,033-439-2549
615,강원도,횡성소방서,횡성119안전센터,강원도 횡성군 횡성읍 문예로 157,033-340-9511,033-340-9129
616,강원도,횡성소방서,둔내119안전센터,강원도 횡성군 둔내면 고원남로 42,033-342-1119,033-340-9529
617,강원도,횡성소방서,우천119안전센터,강원도 횡성군 우천면 서동로 199,033-342-6119,033-340-9539
618,강원도,횡성소방서,공근119안전센터,강원도 횡성군 공근면 영서로 130-5,033-344-3119,033-340-9549
619,강원도,영월소방서,영월119안전센터,강원도 영월군 영월읍 영월로 1863,033-374-2119,033-371-7549
620,강원도,영월소방서,주천119안전센터,강원도 영월군 주천면 송학주천로 1467-15,033-372-7119,033-371-7529
621,강원도,영월소방서,산솔119안전센터,강원도 영월군 산솔면 응고개길 10-17,033-378-4119,033-371-7539
622,강원도,평창소방서,평창119안전센터,강원도 평창군 평창읍 살구실길 10,033-332-2119,033-339-8519
623,강원도,평창소방서,진부119안전센터,강원도 평창군 진부면 진부로 37,033-335-7119,033-339-8529
624,강원도,평창소방서,봉평119안전센터,강원도 평창군 봉평면 기풍로 107-6,033-336-0119,033-339-8539
625,강원도,평창소방서,대관령119안전센터,강원도 평창군 대관령면 올림픽로 62-20,033-335-5119,033-339-8549
626,강원도,평창소방서,대화119안전센터,강원도 평창군 대화면 평창대로 934,033-333-2119,033-339-8559
627,강원도,정선소방서,조양119안전센터,강원도 정선군 정선읍 녹송로 27,033-560-6511,033-560-6519
628,강원도,정선소방서,고한119안전센터,강원도 정선군 고한읍 강원남로 6455,033-591-3119,033-560-6539
629,강원도,정선소방서,신동119안전센터,강원도 정선군 신동읍 의림로 342,033-378-0119,033-560-6529
630,강원도,정선소방서,임계119안전센터,강원도 정선군 임계면 송계4길 9,033-562-6119,033-560-6549
631,강원도,정선소방서,사북119안전센터,강원도 정선군 사북읍 하이원길 29,033-592-2119,033-560-6559
632,강원도,철원소방서,태봉119안전센터,강원도 철원군 갈말읍 태봉로 1504,033-450-2510,033-450-2519
633,강원도,철원소방서,동송119안전센터,강원도 철원군 동송읍 금학로 251길 17,033-450-2520,033-450-2529
634,강원도,철원소방서,김화119안전센터,강원도 철원군 서면 약수로 76,033-450-2530,033-450-2549
635,강원도,철원소방서,갈말119안전센터,강원도 철원군 갈말읍 명성로 229,033-450-2540,033-450-2559
636,강원도,화천소방서,화천119안전센터,강원도 화천군 하남면 위라리길 47,033-440-7510,033-440-7519
637,강원도,양구소방서,양구119안전센터,강원도 양구군 양구읍 중심로 92,033-480-4514,033-480-4519
638,강원도,인제소방서,인제119안전센터,강원도 인제군 인제읍 비봉로 44번길 71,033-460-9510,
639,강원도,인제소방서,원통119안전센터,강원도 인제군 북면 원통로 301,033-461-3119,033-460-9529
640,강원도,인제소방서,기린119안전센터,강원도 인제군 기린면 대내로 34-14,033-461-5119,033-460-9539
641,강원도,고성소방서,간성119안전센터,강원도 고성군 간성읍 수성로 37-11,033-680-7513,033-680-7519
642,강원도,고성소방서,동광119안전센터,강원도 고성군 토성면 동해대로 5320,033-680-7532,033-680-7539
643,강원도,고성소방서,거진119안전센터,강원도 고성군 거진읍 수외길 19,033-680-7522,033-680-7529
644,강원도,양양소방서,양양119안전센터,강원도 양양군 양양읍 남대천로 33,033-639-7511,033-639-7519
645,강원도,양양소방서,하조대119안전센터,강원도 양양군 현북면 동해대로 1155-33,033-672-2119,033-639-7529
646,강원도,양양소방서,강현119안전센터,강원도 양양군 강현면 장산1길 26,033-673-9119,033-639-7539
647,충청북도,청주동부소방서,영운119안전센터,충청북도 청주시 상당구 영운로 61,043-251-0220,043-251-0239
648,충청북도,청주동부소방서,사천119안전센터,충청북도 청주시 청원구 밀레니엄1로 63,043-251-0240,043-251-0249
649,충청북도,청주동부소방서,북문119안전센터,충청북도  청주시 상당구 상당로 168,043-251-0255,043-251-0259
650,충청북도,청주동부소방서,문의119안전센터,충청북도  청주시 상당구 문의면 문의시내1길 8,043-251-0265,043-251-0269
651,충청북도,청주동부소방서,내수119안전센터,충청북도  청주시 청원구 내수읍 청암로80,043-251-0275,043-251-0279
652,충청북도,청주동부소방서,오창119안전센터,충청북도  청주시 청원구 오창읍 중심상업2로 30,043-251-0285,043-251-0289
653,충청북도,청주서부소방서,가경119안전센터,충청북도 청주시 흥덕구 가경로 143,043-249-9804,043-249-9268
654,충청북도,청주서부소방서,복대119안전센터,충청북도  청주시 흥덕구 공단로 92,043-249-9822,043-265-0119
655,충청북도,청주서부소방서,산남119안전센터,충청북도  청주시 서원구 산미로 70,043-249-9837,043-283-0119
656,충청북도,청주서부소방서,사직119안전센터,충청북도  청주시 서원구 사직대로 229,043-249-9852,043-263-0119
657,충청북도,청주서부소방서,남이119안전센터,충청북도  청주시 서원구 청남로 866,043-249-9867,043-260-6119
658,충청북도,청주서부소방서,오송119안전센터,충청북도  청주시 흥덕구 오송생명3로 71-5,043-249-9882,043-239-2119
659,충청북도,충주소방서,목행119안전센터,충청북도 충주시 목행산단7로 9,043-841-3331,043-841-3329
660,충청북도,충주소방서,호암119안전센터,충청북도  충주시 호암대로 13,043-841-3341,043-844-8119
661,충청북도,충주소방서,연수119안전센터,충청북도  충주시 동수10길 1,043-841-3382,043-857-7921
662,충청북도,충주소방서,서충주119안전센터,충청북도  충주시 기업도시2로 30,043-841-3391,043-841-3395
663,충청북도,충주소방서,수안보119안전센터,충청북도  충주시 수안보면 관동길 9-7,043-841-3351,043-846-1119
664,충청북도,충주소방서,주덕119안전센터,충청북도  충주시 주덕읍 신양로 35,043-841-3361,043-846-4119
665,충청북도,충주소방서,앙성119안전센터,충청북도  충주시 앙성면 가곡로 1019,043-841-3371,043-847-0118
666,충청북도,제천소방서,의림지119안센터,충청북도 제천시 신죽하로 164,043-740-7111,043-741-7309
667,충청북도,제천소방서,화산119안전센터,충청북도  제천시 강명길 17,043-641-7311,043-647-0119
668,충청북도,제천소방서,봉양119안전센터,충청북도  제천시 봉양읍 북부로1433,043-641-7341,043-648-6319
669,충청북도,보은소방서,보은119안전센터,충청북도 보은군 보은읍 남부로 4415,043-773-0210,043-773-0219
670,충청북도,보은소방서,속리산119안전센터,충청북도  보은군 속리산면 법주사로 278,043-773-0230,043-773-0239
671,충청북도,보은소방서,구병산119안전센터,충청북도  보은군 마로면 관기송현로 48,043-773-0250,043-773-0259
672,충청북도,옥천소방서,옥천119안전센터,충청북도 옥천군 옥천읍 중앙로 132,043-730-1901,043-730-1909
673,충청북도,옥천소방서,청산119안전센터,충청북도  옥천군 청산면 남부로 2306,043-730-1921,043-730-1929
674,충청북도,영동소방서,영동119안전센터,충청북도 영동군 영동읍 영동황간로 174,043-641-7119,043-740-7129
675,충청북도,영동소방서,황간119안전센터,충청북도  영동군 황간면 황간로 132,043-740-7141~9,043-740-7159
676,충청북도,영동소방서,학산119안전센터,충청북도  영동군 학산면 서산로 92,043-740-7171~8,043-740-7179
677,충청북도,증평소방서,증평119안전센터,충청북도  증평군 충청대로 1789,043-836-4119,043-830-0155
678,충청북도,진천소방서,진천119안전센터,충청북도 진천군 진천읍 진광로 93,043-539-8201,043-539-8209
679,충청북도,진천소방서,덕산119안전센터,충청북도 진천군 덕산읍 초금로 606-1,043-539-8241,043-539-8249
680,충청북도,진천소방서,광혜원119안전센터,충청북도 진천군 광혜원면 화랑길 99,043-539-8221,043-539-8229
681,충청북도,괴산소방서,괴산119안전센터,충청북도 괴산군 괴산읍 괴강로 69,043-760-0214,043-760-0219
682,충청북도,괴산소방서,청천119안전센터,충청북도  괴산군 청천면 선평길 78-9,043-760-0235,043-760-0239
683,충청북도,음성소방서,금왕119안전센터,충청북도 음성군 금왕읍 응천서길 11,043-877-0119,043-877-0129
684,충청북도,음성소방서,음성119안전센터,충청북도  음성군 음성읍 음성로 122,043-872-2119,043-873-6119
685,충청북도,음성소방서,대소119안전센터,충청북도  음성군 대소면 오산로 74,043-881-7119,043-878-1196
686,충청북도,음성소방서,감곡119안전센터,충청북도  음성군 감곡면 음성로 2652,043-881-3119,043-878-1197
687,충청북도,음성소방서,삼성119안전센터,충청북도  음성군 삼성면 금일로 831,043-878-5119,043-878-0126
688,충청북도,단양소방서,단양119안전센터,충청북도 단양군 단양읍 삼봉로 421-56,043-767-4210,043-767-4219
689,충청북도,단양소방서,매포119안전센터,충청북도  단양군 매포읍 평동4로 79,043-767-4237,043-767-4239
690,충청남도,천안동남소방서,구성119안전센터,충청남도 천안시 동남구 천안대로 580,041-570-0330,041-570-0349
691,충청남도,천안동남소방서,독립119안전센터,충청남도 천안시 동남구 목천읍 독립기념관로 1,041-570-0360,041-557-3119
692,충청남도,천안동남소방서,병천119안전센터,충청남도 천안시 동남구 병천면 아우내순대길 78,041-570-0380,041-569-0119
693,충청남도,천안동남소방서,청당119안전센터,충청남도 천안시 동남구 청수14로 91,041-570-0400,041-553-1192
694,충청남도,천안동남소방서,풍세119안전센터,충청남도 천안시 동남구 풍세면 풍세로 89,041-570-0420,070-4001-6460
695,충청남도,천안서북소방서,차암119안전센터,충청남도 천안시 서북구 직산읍 4산단2길 32,041-360-0330,041-360-0349
696,충청남도,천안서북소방서,성거119안전센터,충청남도 천안시 서북구 성거읍 천흥8길 11,041-360-0360,041-622-0119
697,충청남도,천안서북소방서,서부119안전센터,충청남도 천안시 서북구 양지18길 22,041-360-0380,041-576-2110
698,충청남도,천안서북소방서,두정119안전센터,충청남도 천안시 서북구 1공단2길 13,041-360-0400,041-565-2119
699,충청남도,천안서북소방서,성환119안전센터,충청남도 천안시 서북구 성환읍 성환1로 395,041-360-0420,041-583-2119
700,충청남도,천안서북소방서,쌍용119안전센터,충청남도 천안시 서북구 월봉로 78,041-360-0440,041-577-3119
701,충청남도,천안서북소방서,입장119안전센터,충청남도 천안시 서북구 입장면 망향로 1107,041-360-0460,041-584-5119
702,충청남도,천안서북소방서,직산119안전센터,충청남도 천안시 서북구 직산읍 직산로 246,041-360-0480,
703,충청남도,천안서북소방서,불당119안전센터,충청남도 천안시 서북구 불당23로 62,041-360-0490,
704,충청남도,공주소방서,웅진119안전센터,충청남도 공주시 무령로 55,041-851-0332,041-851-0349
705,충청남도,공주소방서,유구119안전센터,충청남도 공주시 유구읍 유구외곽로 368,041-851-0362,041-841-7119
706,충청남도,공주소방서,신관119안전센터,충청남도 공주시 의당로 31,041-851-0382,041-852-7119
707,충청남도,공주소방서,동학사119안전센터,충청남도 공주시 반포면 동학사1로 110,041-851-0402,041-822-6108
708,충청남도,공주소방서,계룡119안전센터,충청남도 공주시 계룡면 월암송정길 18,041-851-0422,041-852-3119
709,충청남도,공주소방서,정안119안전센터,충청남도 공주시 정안면 광정장터길 18,041-851-0442,
710,충청남도,보령소방서,명천119안전센터,충청남도 보령시 성주산로 63,041-930-0332,041-930-0349
711,충청남도,보령소방서,신흑119안전센터,충청남도 보령시 대천항로 205,041-930-0362,041-931-0217
712,충청남도,보령소방서,웅천119안전센터,충청남도 보령시 웅천읍 충서로 947,041-930-0383,041-932-5119
713,충청남도,보령소방서,오천119안전센터,충청남도 보령시 오천면 충청수영로 701,041-930-0405,041-934-1190
714,충청남도,보령소방서,주포119안전센터,충청남도 보령시 주포면 질재로 47-16,041-930-0424,041-930-0423
715,충청남도,아산소방서,모종119안전센터,충청남도 아산시 모종로 77,041-538-0332,041-538-0219
716,충청남도,아산소방서,둔포119안전센터,충청남도 아산시 충무로 1848,041-538-0362,041-531-8119
717,충청남도,아산소방서,인주119안전센터,충청남도 아산시 인주면 공세길 19,041-538-0402,041-534-5119
718,충청남도,아산소방서,신창119안전센터,충청남도 아산시 신창면 순천향로 48,041-538-0382,041-541-2019
719,충청남도,아산소방서,배방119안전센터,충청남도 아산시 배방읍 배방로 38,041-538-0422,041-534-1121
720,충청남도,아산소방서,탕정119안전센터,충청남도 아산시 탕정면 탕정면로 26,041-538-0442,041-546-1119
721,충청남도,아산소방서,장재119안전센터,충청남도 아산시 배방읍 용연로 88,041-538-0462,041-548-0470
722,충청남도,서산소방서,예천119안전센터,충청남도 서산시 호수공원 14로 26-4,041-689-0332,041-689-0349
723,충청남도,서산소방서,대산119안전센터,충청남도 서산시 대산읍 망일산로 831-15,041-689-0362,041-681-5019
724,충청남도,서산소방서,동부119안전센터,충청남도 서산시 학동3로 52,041-689-0382,041-668-4118
725,충청남도,서산소방서,해미119안전센터,충청남도 서산시 해미면 성지3길 29,041-689-0402,041-688-2118
726,충청남도,서산소방서,부석119안전센터,충청남도 서산시 부석면 강경벌로 10,041-689-0422,041-669-1196
727,충청남도,서산소방서,성연119안전센터,충청남도 서산시 성연면 성연5로 92-31,041-689-0442,041-664-3119
728,충청남도,논산소방서,내동119안전센터,충청남도 논산시 대학로 17,041-730-0333,041-730-0349
729,충청남도,논산소방서,반월119안전센터,충청남도 논산시 해월로 155,041-730-0404,041-733-3119
730,충청남도,논산소방서,강경119안전센터,충청남도 논산시 강경읍 동안로 3 ,041-730-0362,041-745-0729
731,충청남도,논산소방서,연산119안전센터,충청남도 논산시 연산면 관창로 54,041-730-0429,041-735-9375
732,충청남도,논산소방서,연무119안전센터,충청남도 논산시 연무읍 동안로 1137,041-730-0382,041-742-7119
733,충청남도,계룡소방서,엄사119안전센터,충청남도 계룡시 엄사면 문화로32,042-540-5331,042-540-5349
734,충청남도,계룡소방서,두마119안전센터,충청남도 계룡시 두마면 사계로 170,042-540-5363,042-841-0411
735,충청남도,당진소방서,당진119안전센터,충청남도 당진시 역천로 838,041-350-5338,041-350-5349
736,충청남도,당진소방서,석문119안전센터,충청남도 당진시 석문면 보덕포로 1069-21,041-350-5362,041-352-6789
737,충청남도,당진소방서,합덕119안전센터,충청남도 당진시 우강면 중방로 2,041-350-5382,041-363-3583
738,충청남도,당진소방서,송악119안전센터,충청남도 당진시 송악읍 송악로 1019,041-350-5402,041-356-0016
739,충청남도,당진소방서,신평119안전센터,충청남도 당진시 신평면 신평길 133,041-350-5422,041-362-7119
740,충청남도,당진소방서,기지시119안전센터,충청남도 당진시 송악읍 틀모시로 844,041-350-5442,041-352-6319
741,충청남도,금산소방서,금산119안전센터,충청남도 금산군 금산읍 삼풍로 2,041-750-1332,
742,충청남도,금산소방서,추부119안전센터,충청남도 금산군 추부면 삼육로 47,041-750-1362,041-754-4399
743,충청남도,금산소방서,복진119안전센터,충청남도 금산군 진산면 읍내로 47-1,041-750-1382,041-752-1479
744,충청남도,부여소방서,백제119안전센터,충청남도 부여군 규암면 계백로17,041-830-0332,041-830-0349
745,충청남도,부여소방서,사비119안전센터,충청남도 부여군 부여읍 쌍북리 184-11,041-830-0362,041-835-2119
746,충청남도,부여소방서,홍산119안전센터,충청남도 부여군 홍산면 북촌리 229-2,041-830-0382,041-835-9119
747,충청남도,부여소방서,임천119안전센터,충청남도 부여군 임천면 성흥로179번길1,041-830-0402,041-833-5119
748,충청남도,부여소방서,외산119안전센터,충청남도 부여군 외산면 만수로 235,041-830-0422,041-836-2119
749,충청남도,서천소방서,장항119안전센터,충청남도 서천군 장항읍 장항로 37,041-955-0332,041-955-0349
750,충청남도,서천소방서,서천119안전센터,충청남도 서천군 서천읍 충절로49번길 33-8,041-955-0362,041-953-1190
751,충청남도,서천소방서,비인119안전센터,충청남도 서천군 비인면 비인로 141,041-955-0382,041-952-0149
752,충청남도,서천소방서,서면119안전센터,충청남도 서천군 서면 부사로 153,041-955-0402,041-951-3911
753,충청남도,서천소방서,한산119안전센터,충청남도 서천군 한산면 충절로 1164,041-955-0422,041-952-1110
754,충청남도,서천소방서,판교119안전센터,충청남도 서천군 판교면 대백제로 1953-24,041-955-0442,041-951-0119
755,충청남도,청양소방서,청양119안전센터,충청남도 청양군 청양읍 충절로 1187,041-940-7332,041-940-7349
756,충청남도,청양소방서,정산119안전센터,충청남도 청양군 정산면 서정4길 49,041-940-7362,041-940-7113
757,충청남도,홍성소방서,구룡119안전센터,충청남도 홍성군 홍성읍 충절로 741,041-630-0334,041-630-0349
758,충청남도,홍성소방서,광천119안전센터,충청남도 홍성군 광천읍 충서로 354,041-630-0382,041-642-6119
759,충청남도,홍성소방서,옥암119안전센터,충청남도 홍성군 홍성읍 충서로 1258,041-630-0362,041-631-8240
760,충청남도,홍성소방서,내포119안전센터,충청남도 홍성군 홍북읍 의향로 133,041-630-0422,041-635-9120
761,충청남도,홍성소방서,갈산119안전센터,충청남도 홍성군 갈산면 갈산로150번길 16,041-630-0402,041-634-3119
762,충청남도,예산소방서,오가119안전센터,충청남도 예산군 오가면 오가중앙로 111,041-330-4332,041-330-4349
763,충청남도,예산소방서,금오119안전센터,충청남도 예산군 예산읍 예당관광로 760,041-330-4362,041-335-3119
764,충청남도,예산소방서,삽교119안전센터,충청남도 예산군 삽교읍 삽교로1길 34,041-330-4382,041-338-3119
765,충청남도,예산소방서,덕산119안전센터,충청남도 예산군 덕산면 도청대로 1160,041-330-4402,041-338-4119
766,충청남도,태안소방서,태안119안전센터,충청남도 태안군 태안읍 동백로 100,041-671-0332,041-671-0349
767,충청남도,태안소방서,안면119안전센터,충청남도 태안군 안면읍 장터로 77,041-671-0362,041-673-1192
768,충청남도,태안소방서,원북119안전센터,충청남도 태안군 원북면 원이로 1031,041-671-0382,041-671-2119
769,충청남도,태안소방서,근흥119안전센터,충청남도 태안군 근흥면 신진대교길 201-8,041-671-0402,041-671-7119
770,전라북도,전주완산소방서,효자119안전센터,전라북도 전주시 완산구 거마평로 73,063-220-4272,063-289-1023
771,전라북도,전주완산소방서,서부119안전센터,전라북도 전주시 완산구 우전로 228,063-220-4278,063-289-1024
772,전라북도,전주완산소방서,교동119안전센터,전라북도 전주시 완산구 경기전길 183,063-220-4273,063-289-1025
773,전라북도,전주완산소방서,노송119안전센터,전라북도 전주시 완산구 관선4길 38,063-220-4274,063-289-1026
774,전라북도,전주완산소방서,평화119안전센터,전라북도 전주시 완산구 평화로 105,063-220-4725,063-289-1027
775,전라북도,전주완산소방서,임실119안전센터,전라북도 임실군 임실읍 감천로 33,063-220-4276,063-289-1028
776,전라북도,전주덕진소방서,금암119안전센터,전라북도 전주시 덕진구 백제대로 611,063-250-4272,063-289-1013
777,전라북도,전주덕진소방서,아중119안전센터,전라북도 전주시 덕진구 진버들4길 16,063-250-4275,063-289-1014
778,전라북도,전주덕진소방서,팔복119안전센터,전라북도 전주시 덕진구 온고을로 430,063-250-4273,063-289-1015
779,전라북도,전주덕진소방서,전미119안전센터,전라북도 전주시 덕진구 과학로 144,063-250-4274,063-289-1016
780,전라북도,군산소방서,사정119안전센터,전라북도 군산시 번영로 308 ,063-450-0228,063-289-1043
781,전라북도,군산소방서,금동119안전센터,전라북도 군산시 군산창길 1,063-450-0274,063-289-1044
782,전라북도,군산소방서,항만119안전센터,전라북도 군산시 외항로 436,063-450-0275,063-289-1045
783,전라북도,군산소방서,비응119안전센터,전라북도 군산시 새만금북로 43,063-450-0279,063-289-1046
784,전라북도,군산소방서,지곡119안전센터,전라북도 군산시 백토로 223,063-450-0273,063-289-1047
785,전라북도,군산소방서,경암119안전센터,전라북도 군산시 구암3.1로 147,063-450-0277,063-289-1048
786,전라북도,군산소방서,산북119안전센터,전라북도 군산시 산북로 71-11,063-450-0276,063-289-1049
787,전라북도,군산소방서,대야119안전센터,전라북도 군산시 대야면 대야관통로 5,063-450-0278,063-289-1050
788,전라북도,익산소방서,팔봉119안전센터,전라북도 익산시 무왕로 1338,063-836-2119,063-289-1063
789,전라북도,익산소방서,신동119안전센터,전라북도 익산시 인북로 397,063-855-0119,063-289-1064
790,전라북도,익산소방서,공단119안전센터,전라북도 익산시 선화로 429,063-833-0119,063-289-1065
791,전라북도,익산소방서,인화119안전센터,전라북도 익산시 목천로 301,063-852-0119,063-289-1066
792,전라북도,익산소방서,모현119안전센터,전라북도 익산시 배산로 181,063-853-0119,063-289-1067
793,전라북도,익산소방서,함열119안전센터,전라북도 익산시 함열읍 함열중앙로 133,063-861-0119,063-289-1068
794,전라북도,익산소방서,금마119안전센터,전라북도 익산시 금마면 미륵사지로 130,063-839-3278,063-289-1069
795,전라북도,정읍소방서,하북119안전센터,전라북도 정읍시 서부산업도로 507-5,063-570-1272,063-289-1083
796,전라북도,정읍소방서,시기119안전센터,전라북도 정읍시 정읍남로 1421,063-570-1273,063-289-1084
797,전라북도,정읍소방서,신태인119안전센터,전라북도 정읍시 신태인읍 정신로 1241,063-570-1274,063-289-1085
798,전라북도,정읍소방서,영원119안전센터,전라북도 정읍시 영원면 영원로 1048,063-570-1275,063-289-1086
799,전라북도,정읍소방서,칠보119안전센터,전라북도 정읍시 칠보면 태산로 2165 ,063-570-1276,063-289-1088
800,전라북도,남원소방서,식정119안전센터,전라북도 남원시 요천로 1965,063-626-0119,063-289-1093
801,전라북도,남원소방서,인월119안전센터,전라북도 남원시 인월면 황산로 1828,063-636-5119,063-289-1094
802,전라북도,남원소방서,금지119안전센터,전라북도 남원시 금지면 요천로 430,063-635-2119,063-289-1095
803,전라북도,김제소방서,교동119안전센터,전라북도 김제시 벽성로 278,063-540-4272,063-289-1103
804,전라북도,김제소방서,검산119안전센터,전라북도 김제시 두월로 384,063-540-4275,063-289-1107
805,전라북도,김제소방서,만경119안전센터,전라북도 김제시 만경읍 두릉길 49,063-540-4273,063-289-1104
806,전라북도,김제소방서,금산119안전센터,전라북도 김제시 금산면 금산사로 29,063-540-4274,063-289-1105
807,전라북도,완주소방서,봉동119안전센터,전라북도 완주군 삼례읍 삼봉로 518,063-290-0272,063-289-1113
808,전라북도,완주소방서,삼례119안전센터,전라북도 완주군 삼례읍 삼례역로 27,063-290-0273,063-289-1114
809,전라북도,완주소방서,고산119안전센터,전라북도 완주군 고산면 고산로 49,063-290-0274,063-289-1115
810,전라북도,완주소방서,혁신119안전센터,전라북도 완주군 이서면 지사제2로 12,063-290-0275,063-289-1116
811,전라북도,진안소방서,진안119안전센터,전라북도 진안군 진안읍 쇠징계로 9,063-786-5272,063-289-1163
812,전라북도,진안소방서,마령119안전센터,전라북도 진안군 마령면 임진로 2077-24,063-786-5283,063-289-1164
813,전라북도,장수소방서,장계119안전센터,전라북도 장수군 장계면 육십령로 136,063-350-6272,063-289-1143
814,전라북도,장수소방서,무주119안전센터,전라북도 무주군 무주읍 당산강변로 126,063-350-6274,063-289-1145
815,전라북도,장수소방서,구천동119안전센터,전라북도 무주군 설천면 구천동1로 54,063-350-6286,063-289-1147
816,전라북도,장수소방서,장수119안전센터,전라북도 장수군 장수읍 호비로 42,063-350-6275,063-289-1146
817,전라북도,순창소방서,순창119안전센터,전라북도 순창군 순창읍 교성로 24,063-650-9272,063-289-1153
818,전라북도,고창소방서,고창119안전센터,전라북도 고창군 고창읍 녹두로 1294,063-560-1272,063-289-1123
819,전라북도,고창소방서,무장119안전센터,전라북도 고창군 무장면 무장남북로 20-5,063-560-1273,063-289-1124
820,전라북도,고창소방서,흥덕119안전센터,전라북도 고창군 흥덕면 문화2길 21,063-560-1274,063-289-1125
821,전라북도,고창소방서,대산119안전센터,전라북도 고창군 대산면 공음대산로 932,063-560-1275,063-289-1126
822,전라북도,부안소방서,부안119안전센터,전라북도 부안군 행안면 변산로 86,063-580-1272,063-289-1133
823,전라북도,부안소방서,격포119안전센터,전라북도 부안군 변산면 격포항길 64-17,063-580-1273,063-289-1134
824,전라남도,목포소방서,하당119안전센터,전라남도 목포시 삼향천로 110,061-280-0895,061-286-0910
825,전라남도,목포소방서,호남119안전센터,전라남도 목포시 영산로 165,061-280-0928,061-280-0929
826,전라남도,목포소방서,경동119안전센터,전라남도 목포시 유동로 42번길 1,061-280-0932,061-280-0934
827,전라남도,목포소방서,삼학119안전센터,전라남도 목포시 삼학로 218,061-280-0937,061-280-0939
828,전라남도,목포소방서,연산119안전센터,전라남도 목포시 산정공단로 64,061-280-0942,061-280-0944
829,전라남도,여수소방서,학동119안전센터,전라남도 여수시 망마로 20,061-680-0892,061-680-0910
830,전라남도,여수소방서,평여119안전센터,전라남도 여수시 여수산단로 321,061-680-0942,061-680-0944
831,전라남도,여수소방서,소라119안전센터,전라남도 여수시 소라면 여순로 297,061-680-0957,061-680-0959
832,전라남도,여수소방서,연등119안전센터,전라남도 여수시 좌수영로 162,061-680-0928,061-680-0929
833,전라남도,여수소방서,여서119안전센터,전라남도 여수시 문수로 131,061-680-0947,061-680-0949
834,전라남도,여수소방서,봉산119안전센터,전라남도 여수시 어항단지로 222-5,061-680-0937,061-680-0939
835,전라남도,여수소방서,돌산119안전센터,전라남도 여수시 돌산읍 강남로 34,061-680-0952,061-680-0954
836,전라남도,순천소방서,서면119안전센터,전라남도 순천시 서면 삼산로 281,061-750-0894,061-750-0910
837,전라남도,순천소방서,저전119안전센터,전라남도 순천시 중앙로 19,061-750-0926,061-750-0929
838,전라남도,순천소방서,왕조119안전센터,전라남도 순천시 기적의도서관 1길 30,061-750-0931,061-750-0934
839,전라남도,순천소방서,연향119안전센터,전라남도 순천시 연향1로 26,061-750-0941,061-750-0944
840,전라남도,순천소방서,승주119안전센터,전라남도 순천시 승주읍 승평길 19-17,061-750-0936,061-750-0939
841,전라남도,순천소방서,해룡119안전센터,전라남도 순천시 해룡면 율촌산단5로 17,061-750-0952,061-750-0954
842,전라남도,순천소방서,신대119안전센터,전라남도 순천시 해룡면 매안로142,061-750-0956,061-750-0959
843,전라남도,나주소방서,경현119안전센터,전라남도 나주시 예향로 4201,061-330-0890,061-330-0910
844,전라남도,나주소방서,이창119안전센터,전라남도 나주시 이창택지길 6-13,061-330-0925,061-330-0929
845,전라남도,나주소방서,남평119안전센터,전라남도 나주시 남평읍 지석로 106,061-330-0930,061-330-0934
846,전라남도,나주소방서,빛가람119안전센터,전라남도 나주시 그린로 296,061-330-0935,061-330-0939
847,전라남도,광양소방서,중마119안전센터,전라남도 광양시 중마중앙로 109,061-798-0890,061-798-0910
848,전라남도,광양소방서,금호119안전센터,전라남도 광양시 희망길 12-12,061-798-0935,061-798-0939
849,전라남도,광양소방서,광양119안전센터,전라남도 광양시 광양읍 서천변로 175,061-798-0925,061-798-0929
850,전라남도,광양소방서,광영119안전센터,전라남도 광양시 금영로 87,061-798-0930,061-798-0934
851,전라남도,담양소방서,담양119안전센터,전라남도 담양군 담양읍 추성로 1232,061-380-0890,061-380-0895
852,전라남도,담양소방서,고서119안전센터,전라남도 담양군 고서면 창평현로 398,061-380-0935,061-380-0939
853,전라남도,곡성소방서,곡성119안전센터,전라남도 곡성군 곡성읍 학교로 7,061-380-0925,061-380-0919
854,전라남도,곡성소방서,옥과119안전센터,전라남도 곡성군 옥과면 리문6길 29,061-380-0930,061-380-0934
855,전라남도,구례소방서,구례119안전센터,전라남도 구례군 구례읍 양정4길 37,061-750-0946,061-750-0949
856,전라남도,고흥소방서,고흥119안전센터,전라남도 고흥군 풍양면 고흥로 1330,061-840-0890,061-840-0910
857,전라남도,고흥소방서,도양119안전센터,전라남도 고흥군 도양읍 녹동신항5길 4,061-840-0925,061-840-0929
858,전라남도,고흥소방서,과역119안전센터,전라남도 고흥군 과역면 과역로 974,061-840-0933,061-840-0934
859,전라남도,고흥소방서,나로119안전센터,전라남도 고흥군 봉래면 나로도항길 13,061-840-0970,
860,전라남도,보성소방서,벌교119안전센터,전라남도 보성군 벌교읍 녹색로 5247,061-859-0890,061-859-0910
861,전라남도,보성소방서,보성119안전센터,전라남도 보성군 보성읍 송재로 235,061-859-0925,061-859-0929
862,전라남도,보성소방서,홍교119안전센터,전라남도 보성군 벌교읍 홍암로 116-4,061-859-0930,061-859-0934
863,전라남도,화순소방서,화순119안전센터,전라남도 화순군 화순읍 학포로 2750,061-379-0891,061-379-0910
864,전라남도,화순소방서,능주119안전센터,전라남도 화순군 능주면 지석로 1428,061-379-0926,061-379-0929
865,전라남도,화순소방서,동복119안전센터,전라남도 화순군 동복면 천변길 7,061-379-0931,061-379-0933
866,전라남도,장흥소방서,장흥119안전센터,전라남도 장흥군 장흥읍 북부로 140,061-850-0891,061-850-0910
867,전라남도,장흥소방서,정남진119안전센터,전라남도 장흥군 관산읍 관산우회로 103,061-850-0926,061-850-0929
868,전라남도,강진소방서,강진119안전센터,전라남도 강진군 군동면 중앙로 223,061-430-0890,061-430-0910
869,전라남도,강진소방서,성전119안전센터,전라남도 강진군 성전면 강진산단로1길 23,061-430-0925,061-430-0929
870,전라남도,해남소방서,해남119안전센터,전라남도 해남군 해남읍 교육청길 82,061-530-0890,061-530-0910
871,전라남도,해남소방서,땅끝119안전센터,전라남도 해남군 송지면 미야길 237-3,061-530-0942,061-530-0944
872,전라남도,영암소방서,삼호119안전센터,전라남도 영암군 삼호읍 나불로 192,061-460-0890,061-460-0910
873,전라남도,영암소방서,영암119안전센터,전라남도 영암군 영암읍 월출로 46,061-460-0925,061-460-0929
874,전라남도,영암소방서,신북119안전센터,전라남도 영암군 신북면 아리랑로 52,061-460-0930,061-460-0934
875,전라남도,무안소방서,무안119안전센터,전라남도 무안군 무안읍 공항로 133,061-450-0890,061-450-0910
876,전라남도,무안소방서,일로119안전센터,전라남도 무안군 일로읍 삼일로 493-1,061-450-0925,061-450-0929
877,전라남도,무안소방서,해제119안전센터,전라남도 무안군 해제면 현해로 1621,061-450-0930,061-450-0934
878,전라남도,무안소방서,남악119안전센터,전라남도 무안군 삼향읍 남악5로72번길81-18,061-450-0935,061-450-0939
879,전라남도,무안소방서,청계119안전센터,전라남도 무안군 청계면 도림리 562,061-450-0970,
880,전라남도,함평소방서,함평119안전센터,전라남도 함평군 대동면 함장로 1202-93,061-338-0890,061-338-0910
881,전라남도,함평소방서,나산119안전센터,전라남도 함평군 나산면 함장로 2786,061-338-0925,061-338-0929
882,전라남도,영광소방서,영광119안전센터,전라남도 영광군 영광읍 함영로 3508,061-350-0890,061-350-0921
883,전라남도,영광소방서,홍농119안전센터,전라남도 영광군 홍농읍 홍농로 543,061-350-0925,061-350-0929
884,전라남도,장성소방서,장성119안전센터,전라남도 장성군 장성읍 단풍로 204,061-360-0890,061-360-0910
885,전라남도,장성소방서,삼계119안전센터,전라남도 장성군 삼계면 영장로 1632,061-360-0925,061-360-0929
886,전라남도,완도소방서,완도119안전센터,전라남도 완도군 완도읍 농공단지길 7,061-470-0890,061-470-0910
887,전라남도,완도소방서,고금119안전센터,전라남도 완도군 고금면 고금동로 266,061-470-0925,061-470-0929
888,전라남도,진도소방서,진도119안전센터,전라남도 진도군 진도읍 진도대로 6935,061-540-0891,061-540-0921
889,전라남도,진도소방서,임회119안전센터,전라남도 진도군 임회면 십일시장길 34,061-540-0926,061-540-0929
890,전라남도,신안소방서,신안119안전센터,전라남도 신안군 암태면 승봉로 17,061-241-0893,061-241-0921
891,전라남도,신안소방서,지도119안전센터,전라남도 신안군 지도읍 해제지도로 1304,061-241-0927,061-241-0929
892,경상북도,포항북부소방서,덕산119안전센터,경상북도 포항시 북구 중앙로 332,054-260-2400,054-260-2409
893,경상북도,포항북부소방서,두호119안전센터,경상북도 포항시 북구 삼호로 305,054-260-2410,054-255-2119
894,경상북도,포항북부소방서,흥해119안전센터,경상북도 포항시 북구 흥해읍 중성로 67,054-260-2420,054-261-0119
895,경상북도,포항북부소방서,장량119안전센터,경상북도 포항시 북구 법원로 158,054-260-2430,054-243-3119
896,경상북도,포항북부소방서,기계119안전센터,경상북도 포항시 북구 기계면 기계로 371,054-260-2460,054-243-1119
897,경상북도,포항남부소방서,일월119안전센터,경상북도 포항시 남구 동해안로 5890,054-284-2725,054-288-0909
898,경상북도,포항남부소방서,해도119안전센터,경상북도 포항시 남구 중앙로 118,054-281-1119,054-273-1184
899,경상북도,포항남부소방서,제철119안전센터,경상북도 포항시 남구 철강로 360,054-286-0119,054-286-0019
900,경상북도,포항남부소방서,연일119안전센터,경상북도 포항시 남구 연일읍 철강로 10,054-286-1119,054-282-2724
901,경상북도,포항남부소방서,효자119안전센터,경상북도 포항시 남구 지곡로212번길 45,054-273-2119,054-278-4050
902,경상북도,포항남부소방서,오천119안전센터,경상북도 포항시 남구 오천읍 해병로 369,054-292-0119,054-291-1189
903,경상북도,포항남부소방서,구룡포119안전센터,경상북도 포항시 남구 구룡포읍 호미로 265,054-284-0119,054-276-8648
904,경상북도,포항남부소방서,울릉119안전센터,경상북도 울릉군 울릉읍 울릉순환로 415,054-791-2119,054-791-1406
905,경상북도,경주소방서,황오119안전센터,경상북도 경주시 알천남로 276,054-778-0601,054-746-2119
906,경상북도,경주소방서,동부119안전센터,경상북도 경주시 중앙로 59,054-778-0611,054-745-2119
907,경상북도,경주소방서,보문119안전센터,경상북도 경주시 경감로 587-8,054-778-0631,054-745-7119
908,경상북도,경주소방서,안강119안전센터,경상북도 경주시 안강읍 안강중앙로 146,054-778-0651,054-761-2119
909,경상북도,경주소방서,감포119안전센터,경상북도 경주시 감포읍 동해안로 2153,054-778-0671,054-744-3119
910,경상북도,경주소방서,외동119안전센터,경상북도 경주시 외동읍 입실로1길 78-15,054-778-0661,054-746-2119
911,경상북도,경주소방서,건천119안전센터,경상북도 경주시 건천읍 내서로 1065,054-778-0681,054-751-0119
912,경상북도,경주소방서,용황119안전센터,경상북도 경주시 공단로 25,054-778-0641,054-773-7119
913,경상북도,경주소방서,불국사119안전센터,경상북도 경주시 불국신택지4길 4,054-778-0621,054-771-3119
914,경상북도,김천소방서,양금119안전센터,경상북도 김천시 강변로 219,054-436-0118,054-420-5909
915,경상북도,김천소방서,다수119안전센터,경상북도 김천시 영남대로 1246,054-430-0119,054-436-2491
916,경상북도,김천소방서,대광119안전센터,경상북도 김천시 공단로 152-36,054-432-0119,054-436-2492
917,경상북도,김천소방서,지례119안전센터,경상북도 김천시 지례면 장터길 115,054-435-0119,054-435-2498
918,경상북도,김천소방서,아포119안전센터,경상북도 김천시 아포읍 아포공단길 45,054-439-0119,054-439-2498
919,경상북도,안동소방서,법흥119안전센터,경상북도 안동시 육사로 301,054-854-6119,054-854-5119
920,경상북도,안동소방서,용상119안전센터,경상북도 안동시 마들6길 27,054-821-1119,054-821-3384
921,경상북도,안동소방서,풍산119안전센터,경상북도 안동시 풍산읍 풍산태사로 1162,054-858-4119,054-850-6729
922,경상북도,안동소방서,옥동119안전센터,경상북도 안동시 광명로 85,054-853-6119,054-853-5119
923,경상북도,안동소방서,도산119안전센터,경상북도 안동시 도산면 퇴계로 2171,054-856-7119,054-856-7118
924,경상북도,안동소방서,영양119안전센터,경상북도 영양군 영양읍 군민회관길 42-14,054-682-3119,054-683-3119
925,경상북도,안동소방서,입암119안전센터,경상북도 영양군 입암면 입암로 153,054-682-4119,054-683-4119
926,경상북도,구미소방서,공단119안전센터,경상북도 구미시 수출대로 112,054-461-3119,054-440-0169
927,경상북도,구미소방서,송정119안전센터,경상북도 구미시 백산로 207,054-452-0119,054-457-4119
928,경상북도,구미소방서,원평119안전센터,경상북도 구미시 산업로 174,054-454-6119,054-455-3119
929,경상북도,구미소방서,봉곡119안전센터,경상북도 구미시 봉곡동로 48,054-452-2119,054-453-2119
930,경상북도,구미소방서,인동119안전센터,경상북도 구미시 이계북로 147,054-471-0119,054-440-0239
931,경상북도,구미소방서,선산119안전센터,경상북도 구미시 선산읍 선산대로 1400-13,054-482-0119,054-440-0249
932,경상북도,구미소방서,고아119안전센터,경상북도 구미시 고아읍 선산대로 821,054-481-3119,054-440-0289
933,경상북도,구미소방서,해평119안전센터,경상북도 구미시 해평면 강동로 1663,054-474-4119,054-473-9078
934,경상북도,구미소방서,상림119안전센터,경상북도 구미시 상림로 45,054-465-9116,054-465-9133
935,경상북도,구미소방서,옥계119안전센터,경상북도 구미시 산동읍 산호대로41길 4,054-471-5119,054-471-1194
936,경상북도,영주소방서,문수119안전센터,경상북도 영주시 문수면 적서로448번길 17,054-630-0401,054-630-0409
937,경상북도,영주소방서,가흥119안전센터,경상북도 영주시 선비로 181,054-630-0441,054-630-0449
938,경상북도,영주소방서,풍기119안전센터,경상북도 영주시 풍기읍 기주로 159,054-630-0411,054-630-0419
939,경상북도,영천소방서,동부119안전센터,경상북도 영천시 호국로 187,054-334-2119,054-336-1197
940,경상북도,영천소방서,남부119안전센터,경상북도 영천시 한방로 176-0,054-337-1119,054-337-1117
941,경상북도,영천소방서,금호119안전센터,경상북도 영천시 금호읍 오계공단길 5,054-334-0119,054-334-7119
942,경상북도,영천소방서,신녕119안전센터,경상북도 영천시 신녕면 어릿골길 11,054-332-9119,054-333-2119
943,경상북도,상주소방서,서성119안전센터,경상북도 상주시 상산로 322,054-533-2119,054-530-3809
944,경상북도,상주소방서,함창119안전센터,경상북도 상주시 함창읍 가야로 46-1,054-541-3119,054-530-3819
945,경상북도,상주소방서,청리119안전센터,경상북도 상주시 청리면 마공공단로 152,054-534-9119,054-531-3119
946,경상북도,상주소방서,화서119안전센터,경상북도 상주시 화서면 상현무동길 5,054-533-0119,054-532-3839
947,경상북도,문경소방서,점촌119안전센터,경상북도 문경시 중앙로 305,054-555-2119,054-559-1909
948,경상북도,문경소방서,모전119안전센터,경상북도 문경시 모전로 173,054-555-5119,054-555-0015
949,경상북도,문경소방서,가은119안전센터,경상북도 문경시 가은읍 가은로 126,054-571-5119,054-572-0118
950,경상북도,문경소방서,문경119안전센터,경상북도 문경시 문경읍 새재로 501,054-571-0119,054-572-0116
951,경상북도,경산소방서,압량119안전센터,경상북도 경산시 압량읍 김유신로 12,053-813-1119,053-819-6269
952,경상북도,경산소방서,중앙119안전센터,경상북도 경산시 장산로 143,053-813-0119,053-816-1885
953,경상북도,경산소방서,중산119안전센터,경상북도 경산시 펜타힐즈4로 1,053-817-1191,053-817-1192
954,경상북도,경산소방서,하양119안전센터,경상북도 경산시 하양읍 대경로 793,053-852-0119,053-853-1196
955,경상북도,경산소방서,진량119안전센터,경상북도 경산시 진량읍 공단2로 72,053-856-0119,053-856-3940
956,경상북도,경산소방서,자인119안전센터,경상북도 경산시 자인면 금학로 25-11,053-857-2119,053-851-0119
957,경상북도,의성소방서,봉양119안전센터,경상북도 의성군 봉양면 경북대로 4741,054-834-8119,054-830-7809
958,경상북도,의성소방서,의성119안전센터,경상북도 의성군 의성읍 홍술로 187,054-834-7119,054-832-3119
959,경상북도,의성소방서,안계119안전센터,경상북도 의성군 안계면 안계길 100,054-861-0119,054-830-7829
960,경상북도,의성소방서,군위119안전센터,경상북도 군위군 군위읍 군위공단길 65,054-383-0119,054-383-5119
961,경상북도,의성소방서,의흥119안전센터,경상북도 군위군 의흥면 읍내길 23,054-382-7119,054-382-3119
962,경상북도,청송소방서,청송119안전센터,경상북도 청송군 청송읍 굿바들길 19,054-873-1119,054-873-5119
963,경상북도,청송소방서,진보119안전센터,경상북도 청송군 진보면 청송로 6346,054-874-5119,054-850-6759
964,경상북도,영덕소방서,영덕119안전센터,경상북도 영덕군 영덕읍 경동로 8401,054-734-2119,054-730-1609
965,경상북도,영덕소방서,강구119안전센터,경상북도 영덕군 강구면 강산로 38,054-733-4119,054-730-1619
966,경상북도,영덕소방서,영해119안전센터,경상북도 영덕군 영해면 창수영해로 481,054-732-0119,054-730-1629
967,경상북도,청도소방서,청도119안전센터,경상북도 청도군 청도읍 중앙로 192-34,054-373-0119,054-370-8269
968,경상북도,청도소방서,풍각119안전센터,경상북도 청도군 풍각면 송서로 64,054-372-2119,054-372-7119
969,경상북도,청도소방서,금천119안전센터,경상북도 청도군 금천면 청려로 4363,054-372-3119,054-372-6019
970,경상북도,고령소방서,대가야119안전센터,경상북도 고령군 대가야읍 벽화길18,054-954-0119,054-955-8119
971,경상북도,고령소방서,다산119안전센터,경상북도 고령군 다산면 다산로 506,054-955-6119,054-950-8119
972,경상북도,성주소방서,성주119안전센터,경상북도 성주군 성주읍 주산로 193,054-933-0119,054-933-6174
973,경상북도,성주소방서,선남119안전센터,경상북도 성주군 선남면 도성3길 39-17,054-931-3370,054-931-5119
974,경상북도,칠곡소방서,왜관119안전센터,경상북도 칠곡군 기산면 칠곡대로 1216,054-976-7119,054-976-7118
975,경상북도,칠곡소방서,북삼119안전센터,경상북도 칠곡군 북삼읍 안산2길 46,054-973-4119,054-974-3019
976,경상북도,칠곡소방서,석적119안전센터,경상북도 칠곡군 석적읍 유학로 140,054-973-2119,054-970-2849
977,경상북도,칠곡소방서,금산119안전센터,경상북도 칠곡군 왜관읍 공단로 194,054-971-2119,054-971-6119
978,경상북도,칠곡소방서,가산119안전센터,경상북도 칠곡군 가산면 다부원1길 57,054-974-0119,054-973-1149
979,경상북도,칠곡소방서,동명119안전센터,경상북도 칠곡군 동명면 한티로 216,054-976-8119,054-976-0119
980,경상북도,예천소방서,예천119안전센터,경상북도 예천군 예천읍 양궁로 61-12,054-655-0119,054-650-3609
981,경상북도,예천소방서,지보119안전센터,경상북도 예천군 지보면 지보로 247,054-653-3119,054-652-0119
982,경상북도,예천소방서,도청119안전센터,경상북도 예천군 호명면 도청대로 19,054-653-5119,054-653-7119
983,경상북도,봉화소방서,봉화119안전센터,경상북도 봉화군 봉화읍 내성천3길 152,054-630-0421,054-630-0429
984,경상북도,봉화소방서,춘양119안전센터,경상북도 봉화군 춘양면 소천로 22,054-630-0431,054-630-0439
985,경상북도,봉화소방서,명호119안전센터,경상북도 봉화군 명호면 도천길 18-46,054-630-0451,054-630-0459
986,경상북도,울진소방서,울진119안전센터,경상북도 울진군 울진읍 울진북로 508,054-780-1401,054-780-1409
987,경상북도,울진소방서,죽변119안전센터,경상북도 울진군 죽변면 하죽로 1841,054-780-1411,054-782-1774
988,경상북도,울진소방서,북면119안전센터,경상북도 울진군 북면 장터길 69,054-780-1450,054-783-1453
989,경상북도,울진소방서,후포119안전센터,경상북도 울진군 후포면 실배길 28-1,054-780-1423,054-780-1460
990,경상북도,울진소방서,온정119안전센터,경상북도 울진군 온정면 백암온천로 1315,054-780-1431,054-787-7229
991,경상남도,진주소방서,상대119안전센터,경상남도 진주시 동진로 249,055-760-9360,055-760-9369
992,경상남도,진주소방서,중앙119안전센터,경상남도 진주시 북장대로64번길 14,055-379-9370,055-379-9379
993,경상남도,진주소방서,천전119안전센터,경상남도 진주시 강남로 167번길 16,055-760-9380,055-760-9389
994,경상남도,진주소방서,평거119안전센터,경상남도 진주시 순환로 565,055-760-9390,055-760-9399
995,경상남도,진주소방서,문산119안전센터,경상남도 진주시 문산읍 월아산로 979,055-760-9400,055-760-9409
996,경상남도,진주소방서,금산119안전센터,경상남도 진주시 금산면 송백로 477,055-760-9440,055-760-9449
997,경상남도,진주소방서,정촌119안전센터,경상남도 진주시 뿌리산단로 2,055-760-9450,055-760-9459
998,경상남도,통영소방서,죽림119안전센터,경상남도 통영시 광도면 죽림4로 49,055-640-9361,055-640-9369
999,경상남도,통영소방서,무전119안전센터,경상남도 통영시 원문로 71,055-640-9422,055-640-9429
1000,경상남도,통영소방서,서호119안전센터,경상남도 통영시 중앙로 91-8,055-640-9372,055-640-9379
1001,경상남도,통영소방서,도남119안전센터,경상남도 통영시 도남로257,055-640-9380,055-640-9389
1002,경상남도,사천소방서,동금119안전센터,경상남도 사천시 남일로 29,055-830-9400,055-830-9409
1003,경상남도,사천소방서,사천119안전센터,경상남도 사천시 사천읍 무산로 21,055-830-9420,055-830-9429
1004,경상남도,사천소방서,사남119안전센터,경상남도 사천시 사남면 공단2로 53,055-830-9410,055-830-9419
1005,경상남도,사천소방서,곤양119안전센터,경상남도 사천시 곤양면 곤북로 64,055-850-9430,055-830-9439
1006,경상남도,김해동부소방서,삼정119안전센터,경상남도 김해시 김해대로 2507,055-320-9360,055-320-9369
1007,경상남도,김해동부소방서,동상119안전센터,경상남도 김해시 구지로 179,055-320-9370,055-320-9379
1008,경상남도,김해동부소방서,내외119안전센터,경상남도 김해시 내외로 77,055-320-9380,055-320-9389
1009,경상남도,김해동부소방서,상동119안전센터,경상남도 김해시 상동면 상동로 637,055-320-9390,055-320-9399
1010,경상남도,김해동부소방서,생림119안전센터,경상남도 김해시 생림면 봉림로 106,055-320-9400,055-320-9409
1011,경상남도,김해동부소방서,북부119안전센터,경상남도 김해시 해반천로 166,055-320-9410,055-320-9419
1012,경상남도,김해동부소방서,대동119안전센터,경상남도 김해시 대동면 동남로41번길 19,055-320-9420,055-320-9429
1013,경상남도,김해서부소방서,진례119안전센터,경상남도 김해시 진례면 서부로 730,055-344-9370,055-344-9379
1014,경상남도,김해서부소방서,장유119안전센터,경상남도 김해시 번화2로 12,055-344-9360,055-344-9369
1015,경상남도,김해서부소방서,진영119안전센터,경상남도 김해시 진영읍 장등로 4,055-344-9380,055-344-9389
1016,경상남도,김해서부소방서,주촌119안전센터,경상남도 김해시 주촌면 주선로 29,055-344-9390,055-344-9399
1017,경상남도,김해서부소방서,한림119안전센터,경상남도 김해시 한림면 한림로 401번길 50,055-344-9410,055-344-9419
1018,경상남도,김해서부소방서,율하119안전센터,경상남도 김해시 율하4로 112,055-344-9420,055-344-9429
1019,경상남도,밀양소방서,교동119안전센터,경상남도 밀양시 밀양대공원로 66,055-350-9360,055-350-9369
1020,경상남도,밀양소방서,가곡119안전센터,경상남도 밀양시 용두로 5,055-350-9374,055-350-9379
1021,경상남도,밀양소방서,하남119안전센터,경상남도 밀양시 하남읍 명례로 108,055-350-9385,055-350-9389
1022,경상남도,밀양소방서,삼랑진119안전센터,경상남도 밀양시 삼랑진읍 삼랑진로 16-3,055-350-9394,055-350-9399
1023,경상남도,밀양소방서,산동119안전센터,경상남도 밀양시 산외면 단산길 2-7,055-350-9402,055-350-9409
1024,경상남도,밀양소방서,무안119안전센터,경상남도 밀양시 무안면 사명로 541,055-350-9412,055-350-9419
1025,경상남도,거제소방서,옥포119안전센터,경상남도 거제시 진목로 1,055-689-9361,055-689-9369
1026,경상남도,거제소방서,장승포119안전센터,경상남도 거제시 능포로 77,055-689-9370,055-689-9379
1027,경상남도,거제소방서,신현119안전센터,경상남도 거제시 계룡로 52,055-689-9380,055-689-9389
1028,경상남도,거제소방서,거제119안전센터,경상남도 거제시 거제면 거제남서로 3429,055-689-9400,055-689-9409
1029,경상남도,거제소방서,연초119안전센터,경상남도 거제시 연초면 거제북로1,055-689-9410,055-689-9419
1030,경상남도,거제소방서,동부119안전센터,경상남도 거제시 남부면 저구해안길 16,055-689-9420,055-689-9429
1031,경상남도,거제소방서,사등119안전센터,경상남도 거제시 사등면 덕호해안길 63,055-689-9430,055-689-9439
1032,경상남도,양산소방서,물금119안전센터,경상남도 양산시 물금읍 황산로 719,055-379-9360,055-379-9369
1033,경상남도,양산소방서,중앙119안전센터,경상남도 양산시 신기로 13,055-760-9370,055-760-9379
1034,경상남도,양산소방서,웅상119안전센터,경상남도 양산시 웅상대로 1120,055-379-9380,055-379-9389
1035,경상남도,양산소방서,하북119안전센터,경상남도 양산시 하북면 양산대로 2255-38,055-379-9390,055-379-9399
1036,경상남도,양산소방서,중부119안전센터,경상남도 양산시 양산역6길 27,055-379-9330,055-379-9339
1037,경상남도,양산소방서,평산119안전센터,경상남도 양산시 내연4길 9,055-379-9320,055-379-9329
1038,경상남도,양산소방서,상북119안전센터,경상남도 양산시 석계로 37,055-379-9420,055-379-9429
1039,경상남도,의령소방서,의령119안전센터,경상남도 의령군 의령읍 의병로 108-17,055-570-9310,055-570-9319
1040,경상남도,의령소방서,부림119안전센터,경상남도 의령군 부림면 대한로 1666,055-570-9320,055-570-9329
1041,경상남도,함안소방서,가야119안전센터,경상남도 함안군 가야읍 선왕길 59,055-580-9300,055-580-9309
1042,경상남도,함안소방서,칠원119안전센터,경상남도 함안군 칠원읍 용산2길 121,055-580-9330,055-580-9339
1043,경상남도,함안소방서,군북119안전센터,경상남도 함안군 군북면 함마대로 760,055-580-9340,055-580-9349
1044,경상남도,창녕소방서,창녕119안전센터,경상남도 창녕군 대지면 우포2로 1097,055-259-9360,055-259-9369
1045,경상남도,창녕소방서,남지119안전센터,경상남도 창녕군 남지읍 동포로 64,055-259-9370,055-259-9379
1046,경상남도,창녕소방서,영산119안전센터,경상남도 창녕군 영산면 영산장마로 697,055-259-9330,055-259-9339
1047,경상남도,창녕소방서,부곡119안전센터,경상남도 창녕군 부곡면 원앙로 184,055-259-9380,055-259-9389
1048,경상남도,고성소방서,고성119안전센터,경상남도 고성군 고성읍 남해안대로 2670,055-670-9310,055-670-9319
1049,경상남도,고성소방서,회화119안전센터,경상남도 고성군 회화면 영회로 2211,055-670-9320,055-670-9329
1050,경상남도,고성소방서,거류119안전센터,경상남도 고성군 거류면 봉암 1길 9,055-670-9340,055-670-9349
1051,경상남도,남해소방서,남해119안전센터,경상남도 남해군 남해읍 스포츠로 81,055-860-9360,055-860-9369
1052,경상남도,남해소방서,삼동119안전센터,경상남도 남해군 삼동면 동부대로 1795,055-860-9370,055-860-9379
1053,경상남도,남해소방서,미조119안전센터,경상남도 남해군 미조면 미송로 486번길 19,055-860-9330,055-860-9339
1054,경상남도,하동소방서,금성119안전센터,경상남도 하동군 금성면 금성로 15,055-880-9322,055-880-9329
1055,경상남도,하동소방서,하동119안전센터,경상남도 하동군 적량면 공설운동장로 169,055-880-9364,055-880-9369
1056,경상남도,하동소방서,진교119안전센터,경상남도 하동군 진교면 진양로 27,055-880-9374,055-880-9379
1057,경상남도,하동소방서,화개119안전센터,경상남도 하동군 화개면 쌍계로 58 ,055-880-9330,055-880-9339
1058,경상남도,산청소방서,산청119안전센터,경상남도 산청군 산청읍 중앙로 76-7,055-970-9310,055-970-9319
1059,경상남도,산청소방서,단성119안전센터,경상남도 산청군 단성면 사직단로 447-8,055-970-9320,055-970-9329
1060,경상남도,함양소방서,함양119안전센터,경상남도 함양군 함양읍 고운로 161-41,055-960-9310,055-960-9319
1061,경상남도,함양소방서,안의119안전센터,경상남도 함양군 안의면 금성길 19,055-960-9320,055-960-9329
1062,경상남도,거창소방서,대평119안전센터,경상남도 거창군 거창읍 거함대로 3324,055-940-9361,055-940-9369
1063,경상남도,거창소방서,위천119안전센터,경상남도 거창군 위천면 원학길 321,055-940-9371,055-940-9379
1064,경상남도,거창소방서,가조119안전센터,경상남도 거창군 가조면 마상3길 32,055-940-9381,055-940-9389
1065,경상남도,합천소방서,합천119안전센터,경상남도 합천군 합천읍 인덕로 2453,055-930-9301,055-930-9309
1066,경상남도,합천소방서,초계119안전센터,경상남도 합천군 초계면 양동로 6-16,055-930-9322,055-930-9329
1067,경상남도,합천소방서,북부119안전센터,경상남도 합천군 야로면 월광2길 5,055-930-9357,055-930-9359
1068,경상남도,합천소방서,삼가119안전센터,경상남도 합천군 삼가면 삼가로 287,055-930-9317,
1069,제주특별자치도,제주소방서,이도119안전센터,제주특별자치도 제주시 중앙로 342(이도이동),064-756-1175,064-729-0429
1070,제주특별자치도,제주소방서,삼도119안전센터,제주특별자치도 제주시 탑동로 101,064-756-4258,064-729-0439
1071,제주특별자치도,제주소방서,오라119안전센터,제주특별자치도 제주시 서광로2길 24,064-756-1176,064-729-0459
1072,제주특별자치도,제주소방서,노형119안전센터,제주특별자치도 제주시 광평동로 2,064-742-5119,064-729-0479
1073,제주특별자치도,제주소방서,화북119안전센터,제주특별자치도 제주시 동화로1길 3,064-726-6119,064-729-0419
1074,제주특별자치도,제주소방서,항만119안전센터,제주특별자치도 제주시 임항로 146,064-756-1178,064-729-0469
1075,제주특별자치도,제주소방서,외도119안전센터,제주특별자치도 제주시 통물길 75,064-749-7333,064-729-0489
1076,제주특별자치도,제주소방서,아라119안전센터,제주특별자치도 제주시 사송길 116,064-721-5119,064-729-0409
1077,제주특별자치도,제주소방서,연동119안전센터,제주특별자치도 제주시 문송길 14,064-743-2119,064-729-0449
1078,제주특별자치도,서귀포소방서,동홍119안전센터,제주특별자치도 서귀포시 서홍로 14,064-762-1119,064-730-7429
1079,제주특별자치도,서귀포소방서,중문119안전센터,제주특별자치도 서귀포시 일주서로 669,064-738-0119,064-730-7439
1080,제주특별자치도,서귀포소방서,효돈119안전센터,제주특별자치도 서귀포시 일주동로 8234,064-767-2119,064-730-7449
1081,제주특별자치도,서귀포소방서,대신119안전센터,제주특별자치도 서귀포시 서호남로 20(법환동),064-739-0119,064-730-7419
1082,제주특별자치도,서부소방서,한림119안전센터,제주특별자치도 제주시 한림읍 한림중앙로 150,064-796-2119,064-795-0419
1083,제주특별자치도,서부소방서,애월119안전센터,제주특별자치도 제주시 애월읍 일주서로 6513,064-799-3119,064-795-0429
1084,제주특별자치도,서부소방서,한경119안전센터,제주특별자치도 제주시 한경면 일주서로 4218,064-773-0119,064-795-0449
1085,제주특별자치도,서부소방서,대정119안전센터,제주특별자치도 서귀포시 대정읍 일주서로 2717,064-794-1119,064-795-0439
1086,제주특별자치도,서부소방서,안덕119안전센터,제주특별자치도 서귀포시 안덕면 화순서서로 2,064-794-9119,064-795-0459
1087,제주특별자치도,서부소방서,영어교육도시119안전센터,제주특별자치도 서귀포시 대정읍 에듀시티로 238,064-792-5119,064-795-0469
1088,제주특별자치도,동부소방서,구좌119안전센터,제주특별자치도 제주시 구좌읍 세화14길 8,064-783-0119,064-780-9429
1089,제주특별자치도,동부소방서,남원119안전센터,제주특별자치도 서귀포시 남원읍 남원체육관로221번길 23,064-764-0119,064-780-9449
1090,제주특별자치도,동부소방서,성산119안전센터,제주특별자치도 서귀포시 성산읍 일주동로 4120번길 7,064-782-0119,064-780-9419
1091,제주특별자치도,동부소방서,조천119안전센터,제주특별자치도 제주시 조천읍 신북로 337,064-782-6119,064-780-9439
1092,제주특별자치도,동부소방서,표선119안전센터,제주특별자치도 서귀포시 표선면 표선관정로 39-16,064-787-0119,064-780-9459
1093,창원시,진해소방서,풍호119안전센터,경상남도 창원시 진해구 진해대로 1101,055-548-9460,055-548-9469
1094,창원시,진해소방서,대흥119안전센터,경상남도 창원시 진해구 백구로 72,055-548-9361,055-548-9369
1095,창원시,진해소방서,이동119안전센터,경상남도 창원시 진해구 충장로 434,055-548-9371,055-548-9379
1096,창원시,진해소방서,웅동119안전센터,경상남도 창원시 진해구 남의로 11,055-548-9381,055-548-9389
1097,창원시,진해소방서,용원119안전센터,경상남도 창원시 진해구 용원로 43,055-548-9391,055-548-9379
1098,창원시,의창소방서,소답119안전센터,경상남도 창원시 의창구 의안로44번길 5,055-225-9361,055-225-9369
1099,창원시,의창소방서,봉곡119안전센터,경상남도 창원시 의창구 지귀로 127,055-225-9371,055-225-9379
1100,창원시,의창소방서,팔룡119안전센터,경상남도 창원시 의창구 창원대로204번길 15,055-225-9381,055-225-9389
1101,창원시,의창소방서,동읍119안전센터,경상남도 창원시 의창구 동읍 동읍로71번길 14-14,055-225-9391,055-225-9399
1102,창원시,의창소방서,북면119안전센터,경상남도 창원시 의창구 북면 감계로 110번길 54-36,055-225-9401,055-225-9409
1103,창원시,의창소방서,대산119안전센터,경상남도 창원시 의창구 대산면 봉강가술로 583,055-225-9411,055-225-9419
1104,창원시,성산소방서,신월119안전센터,경상남도 창원시 의창구 상남로 165,055-211-9361,055-211-9369
1105,창원시,성산소방서,외동119안전센터,경상남도 창원시 성산구 삼동로128번길 19,055-211-9381,055-211-9389
1106,창원시,성산소방서,가음정119안전센터,경상남도 창원시 성산구 대정로 39,055-211-9371,055-211-9379
1107,창원시,성산소방서,대원119안전센터,경상남도 창원시 의창구 두대로55번길 11,055-211-9401,055-211-9409
1108,창원시,성산소방서,웅남119안전센터,경상남도 창원시 성산구 봉양로 406,055-211-9461,055-211-9469
1109,창원시,마산소방서,중앙119안전센터,경상남도 창원시 마산합포구 제2부두로 55,055-249-9360,055-249-9369
1110,창원시,마산소방서,남성119안전센터,경상남도 원시 마산합포구 남성로 114,055-249-9380,055-249-9389
1111,창원시,마산소방서,진동119안전센터,경상남도 창원시 마산합포구 진동면 해양관광로 52,055-249-9390,055-249-9399
1112,창원시,마산소방서,석전119안전센터,경상남도 창원시 마산회원구 양덕옛1길 62,055-249-9401,055-249-9409
1113,창원시,마산소방서,양봉119안전센터,경상남도 창원시 마산회원구 자유무역1길 22,055-249-9410,055-249-9419
1114,창원시,마산소방서,구암119안전센터,경상남도 창원시 마산회원구 팔용로 260,055-249-9420,055-249-9429
1115,창원시,마산소방서,내서119안전센터,경상남도 창원시 마산회원구 내서읍 중리공단로 104,055-249-9430,055-249-9439
1116,창원시,마산소방서,호계119안전센터,경상남도 창원시 마산회원구 내서읍 호계본동3길 59-10,055-249-9440,055-249-9449
1117,창원시,마산소방서,구산119안전센터,경상남도 창원시 마산합포구 구산면 해양관광로 1401,055-249-9450,055-249-9459
1118,창원시,마산소방서,진전119안전센터,경상남도 창원시 마산합포구 진전면 삼진의거대로 55-89,055-249-9460,055-249-9469
